Upload_variant	Location	Allele	Consequence	IMPACT	SYMBOL	Feature_type	NFeatures(Ntranscripts)	Features	BIOTYPE	Existing_variation
1_7857016_G/A	1:78570167857016	A	upstream_gene_variant	MODIFIER	UTS2	Transcript	3(3)	ENST00000054668; ENST00000361696; ENST00000377516	protein_coding	rs707475
1_10506158_A/G	1:1050615810506158	G	intron_variant; intron_variant;non_coding_transcript_variant	MODIFIER	PEX14	Transcript	3(3)	ENST00000356607; ENST00000472851; ENST00000491661	protein_coding; retained_intron	rs616488
1_18480845_T/C	1:1848084518480845	C	upstream_gene_variant	MODIFIER	KLHDC7A	Transcript	1(1)	ENST00000400664	protein_coding	rs2992756
1_40914768_C/T	1:4091476840914768	T	intergenic_variant	MODIFIER			1(0)			rs4233486
1_40923548_T/C	1:4092354840923548	C	regulatory_region_variant; intergenic_variant	MODIFIER		RegulatoryFeature	2(0)	ENSR00000354962	enhancer	rs114282204
1_46204534_TC/T	1:4620453446204535	T	intron_variant; regulatory_region_variant	MODIFIER	LURAP1; POMGNT1	Transcript; RegulatoryFeature	4(3)	ENST00000371980; ENST00000371992; ENST00000396420; ENSR00000923738	protein_coding; promoter	rs144105764
1_51001424_CT/C	1:5100142451001425	C	intergenic_variant	MODIFIER			1(0)			rs56168262
1_87691240_G/A	1:8769124087691240	A	intron_variant;non_coding_transcript_variant	MODIFIER	PKN2AS1	Transcript	2(2)	ENST00000642677; ENST00000645056	lncRNA	rs17426269
1_87962516_C/A	1:8796251687962516	A	intron_variant;non_coding_transcript_variant	MODIFIER	PKN2AS1	Transcript	5(5)	ENST00000642677; ENST00000643530; ENST00000643720; ENST00000644540; ENST00000645056	lncRNA	rs2151842
1_100414772_A/T	1:100414772100414772	T	intron_variant; intron_variant;NMD_transcript_variant; regulatory_region_variant	MODIFIER	CDC14A	Transcript; RegulatoryFeature	13(12)	ENST00000336454; ENST00000361544; ENST00000370124; ENST00000455467; ENST00000635056; ENST00000644676; ENST00000644813; ENST00000644844; ENST00000646563; ENST00000646665; ENST00000647005; ENST00000647203; ENSR00000928361	protein_coding; nonsense_mediated_decay; promoter_flanking_region	rs612683
1_109655507_CAAA/C	1:109655507109655510	C	upstream_gene_variant; downstream_gene_variant; regulatory_region_variant	MODIFIER	GSTM4; RPL7P8	Transcript; RegulatoryFeature	15(14)	ENST00000326729; ENST00000336075; ENST00000369833; ENST00000369836; ENST00000411964; ENST00000461767; ENST00000464733; ENST00000478397; ENST00000479578; ENST00000485640; ENST00000493171; ENST00000493395; ENST00000495742; ENST00000638994; ENSR00000011125	protein_coding; processed_pseudogene; processed_transcript; promoter	rs4025939
1_113903258_G/A	1:113903258113903258	A	intron_variant; downstream_gene_variant; upstream_gene_variant; intron_variant;non_coding_transcript_variant	MODIFIER	AP4B1; AP4B1AS1; DCLRE1B	Transcript	17(17)	ENST00000256658; ENST00000369564; ENST00000369567; ENST00000369569; ENST00000369571; ENST00000419536; ENST00000432415; ENST00000460653; ENST00000466480; ENST00000472122; ENST00000479285; ENST00000484201; ENST00000489092; ENST00000489499; ENST00000648795; ENST00000650450; ENST00000650596	protein_coding; lncRNA; processed_transcript; nonsense_mediated_decay	rs7513707
1_117598870_A/C	1:117598870117598870	C	intron_variant;non_coding_transcript_variant; regulatory_region_variant	MODIFIER	AL157902.1	Transcript; RegulatoryFeature	2(1)	ENST00000440801; ENSR00000929797	lncRNA; open_chromatin_region	rs12406858
1_119714487_T/C	1:119714487119714487	C	intron_variant; intron_variant;non_coding_transcript_variant; intron_variant;NMD_transcript_variant; upstream_gene_variant; splice_region_variant;non_coding_transcript_exon_variant; regulatory_region_variant	MODIFIER; LOW	PHGDH	Transcript; RegulatoryFeature	28(27)	ENST00000369409; ENST00000462324; ENST00000493622; ENST00000496756; ENST00000641023; ENST00000641074; ENST00000641115; ENST00000641213; ENST00000641247; ENST00000641272; ENST00000641314; ENST00000641371; ENST00000641375; ENST00000641491; ENST00000641513; ENST00000641570; ENST00000641573; ENST00000641587; ENST00000641597; ENST00000641711; ENST00000641720; ENST00000641756; ENST00000641891; ENST00000641927; ENST00000641947; ENST00000642021; ENST00000642041; ENSR00000012303	protein_coding; processed_transcript; retained_intron; nonsense_mediated_decay; promoter	rs637868
1_121538815_A/G	1:121538815121538815	G	intron_variant;non_coding_transcript_variant	MODIFIER	EMBP1	Transcript	4(4)	ENST00000458200; ENST00000618253; ENST00000622787; ENST00000648011	transcribed_unprocessed_pseudogene; processed_transcript	rs11249433
1_121546196_A/G	1:121546196121546196	G	intron_variant;non_coding_transcript_variant	MODIFIER	EMBP1	Transcript	4(4)	ENST00000458200; ENST00000618253; ENST00000622787; ENST00000648011	transcribed_unprocessed_pseudogene; processed_transcript	rs111458676
1_145830809_C/CT	1:145830809145830809	CT	intron_variant; intron_variant;non_coding_transcript_variant	MODIFIER	POLR3C	Transcript	4(4)	ENST00000334163; ENST00000369294; ENST00000466003; ENST00000471254	protein_coding; processed_transcript	
1_149934520_T/C	1:149934520149934520	C	missense_variant; non_coding_transcript_exon_variant; upstream_gene_variant; downstream_gene_variant; regulatory_region_variant	MODERATE; MODIFIER	MTMR11; OTUD7B	Transcript; RegulatoryFeature	12(11)	ENST00000369140; ENST00000439741; ENST00000466496; ENST00000479272; ENST00000482025; ENST00000482343; ENST00000490310; ENST00000492824; ENST00000493562; ENST00000495054; ENST00000581312; ENSR00000930754	protein_coding; processed_transcript; retained_intron; promoter_flanking_region	rs11205303;COSV63804849
1_155587180_G/A	1:155587180155587180	A	downstream_gene_variant; intron_variant;non_coding_transcript_variant	MODIFIER	AL353807.1; DAP3P1	Transcript	2(2)	ENST00000427475; ENST00000441522	processed_pseudogene; unprocessed_pseudogene	rs12091730
1_168201814_CA/C	1:168201814168201815	C	3_prime_UTR_variant	MODIFIER	TIPRL	Transcript	1(1)	ENST00000367833	protein_coding	rs139315904
1_172359627_T/TA	1:172359627172359627	TA	intron_variant	MODIFIER	DNM3	Transcript	3(3)	ENST00000355305; ENST00000367731; ENST00000627582	protein_coding	rs11463354
1_201468704_C/T	1:201468704201468704	T	missense_variant; upstream_gene_variant; regulatory_region_variant; TF_binding_site_variant	MODERATE; MODIFIER	PHLDA3; AC096677.2	Transcript; RegulatoryFeature; MotifFeature	7(5)	ENST00000367309; ENST00000367311; ENST00000430471; ENST00000485436; ENST00000497057; ENSR00000018098; ENSM00190170513	protein_coding; lncRNA; processed_transcript; promoter	rs35383942;COSV66210678
1_202215472_C/T	1:202215472202215472	T	intron_variant; intron_variant;NMD_transcript_variant	MODIFIER	LGR6	Transcript	5(5)	ENST00000255432; ENST00000367278; ENST00000423542; ENST00000439764; ENST00000487787	protein_coding; nonsense_mediated_decay	rs6686987
1_203801320_T/A	1:203801320203801320	A	intron_variant; downstream_gene_variant; intron_variant;non_coding_transcript_variant; 5_prime_UTR_variant;NMD_transcript_variant; 5_prime_UTR_variant; 3_prime_UTR_variant; intron_variant;NMD_transcript_variant	MODIFIER	ZC3H11A; AC114402.2; ZBED6	Transcript	15(15)	ENST00000332127; ENST00000367210; ENST00000367212; ENST00000367214; ENST00000432282; ENST00000432760; ENST00000453771; ENST00000461980; ENST00000466470; ENST00000492823; ENST00000495527; ENST00000545588; ENST00000550078; ENST00000638800; ENST00000639812	protein_coding; processed_pseudogene; processed_transcript; nonsense_mediated_decay	rs7514172
1_204533386_T/TTCTGAAACAGGG	1:204533386204533386	TTCTGAAACAGGG	upstream_gene_variant; intron_variant; intron_variant;non_coding_transcript_variant; downstream_gene_variant	MODIFIER	MDM4; AL512306.1	Transcript	17(17)	ENST00000367179; ENST00000367180; ENST00000367182; ENST00000367183; ENST00000391947; ENST00000432698; ENST00000454264; ENST00000462012; ENST00000463049; ENST00000470797; ENST00000470908; ENST00000471783; ENST00000507825; ENST00000612738; ENST00000614459; ENST00000616250; ENST00000621032	protein_coding; processed_pseudogene; processed_transcript	rs4252701
1_207902946_G/A	1:207902946207902946	A	intron_variant; upstream_gene_variant; regulatory_region_variant	MODIFIER	CD34	Transcript; RegulatoryFeature	5(3)	ENST00000310833; ENST00000356522; ENST00000485761; ENSR00000384732; ENSR00000384734	protein_coding; processed_transcript; promoter_flanking_region; CTCF_binding_site	rs2785646
1_216880473_T/G	1:216880473216880473	G	intron_variant; intron_variant;non_coding_transcript_variant; intron_variant;NMD_transcript_variant	MODIFIER	ESRRG	Transcript	15(15)	ENST00000359162; ENST00000361395; ENST00000361525; ENST00000366938; ENST00000366940; ENST00000459825; ENST00000463665; ENST00000471371; ENST00000477799; ENST00000487276; ENST00000488947; ENST00000493603; ENST00000493748; ENST00000586199; ENST00000673908	protein_coding; processed_transcript; nonsense_mediated_decay	rs2576261
1_217047232_G/A	1:217047232217047232	A	intron_variant; intron_variant;non_coding_transcript_variant; intron_variant;NMD_transcript_variant	MODIFIER	ESRRG	Transcript	12(12)	ENST00000359162; ENST00000361525; ENST00000366940; ENST00000459825; ENST00000463665; ENST00000471371; ENST00000477799; ENST00000488947; ENST00000493603; ENST00000493748; ENST00000586199; ENST00000673908	protein_coding; processed_transcript; nonsense_mediated_decay	rs11117758
1_220497708_C/T	1:220497708220497708	T	intergenic_variant	MODIFIER			1(0)			rs11118563
1_241870961_A/G	1:241870961241870961	G	intron_variant	MODIFIER	EXO1	Transcript	3(3)	ENST00000348581; ENST00000366548; ENST00000518483	protein_coding	rs72755295
10_5752689_A/G	10:57526895752689	G	intron_variant; regulatory_region_variant	MODIFIER	TASOR2	Transcript; RegulatoryFeature	3(2)	ENST00000328090; ENST00000645567; ENSR00000940756	protein_coding; open_chromatin_region	rs55910451
10_13850298_G/A	10:1385029813850298	A	intron_variant; intron_variant;non_coding_transcript_variant	MODIFIER	FRMD4A	Transcript	4(4)	ENST00000264546; ENST00000342409; ENST00000357447; ENST00000640906	protein_coding; retained_intron	rs10796139
10_21744013_A/G	10:2174401321744013	G	downstream_gene_variant	MODIFIER	MLLT10	Transcript	8(8)	ENST00000307729; ENST00000377059; ENST00000377072; ENST00000438473; ENST00000631589; ENST00000650893; ENST00000651298; ENST00000651382	protein_coding; nonsense_mediated_decay; retained_intron	rs7072776
10_22188847_ACC/A	10:2218884722188849	A	intergenic_variant	MODIFIER			1(0)			rs34362750
10_22572561_A/C	10:2257256122572561	C	intron_variant; intron_variant;non_coding_transcript_variant; regulatory_region_variant	MODIFIER	PIP4K2A	Transcript; RegulatoryFeature	6(5)	ENST00000323883; ENST00000376573; ENST00000422321; ENST00000545335; ENST00000604912; ENSR00000942262	protein_coding; processed_transcript; promoter_flanking_region	rs10764337
10_38234698_C/A	10:3823469838234698	A	intron_variant;NMD_transcript_variant	MODIFIER	AL117339.5	Transcript	1(1)	ENST00000640275	nonsense_mediated_decay	rs2384736
10_62540131_A/G	10:6254013162540131	G	intron_variant;non_coding_transcript_variant; intron_variant	MODIFIER	AC067752.1; ZNF365; AC024598.1	Transcript	3(3)	ENST00000395251; ENST00000410046; ENST00000647733	processed_transcript; protein_coding; lncRNA	rs10995201
10_63060236_G/T	10:6306023663060236	T	intergenic_variant	MODIFIER			1(0)			rs6479868
10_69575818_C/T	10:6957581869575818	T	upstream_gene_variant; non_coding_transcript_exon_variant	MODIFIER	NEUROG3; AL450311.1	Transcript	2(2)	ENST00000242462; ENST00000428753	protein_coding; lncRNA	rs111833376
10_79091500_G/T	10:7909150079091500	T	intron_variant	MODIFIER	ZMIZ1	Transcript	1(1)	ENST00000334512	protein_coding	rs719338
10_79126969_A/G	10:7912696979126969	G	intron_variant	MODIFIER	ZMIZ1	Transcript	1(1)	ENST00000334512	protein_coding	rs4980029
10_93532430_CAA/C	10:9353243093532432	C	downstream_gene_variant	MODIFIER	CEP55	Transcript	1(1)	ENST00000371485	protein_coding	rs59954380
10_113017911_C/T	10:113017911113017911	T	intron_variant; regulatory_region_variant	MODIFIER	TCF7L2	Transcript; RegulatoryFeature	15(14)	ENST00000346198; ENST00000352065; ENST00000355717; ENST00000355995; ENST00000369395; ENST00000369397; ENST00000534894; ENST00000536810; ENST00000538897; ENST00000542695; ENST00000543371; ENST00000545257; ENST00000627217; ENST00000629706; ENSR00000416083	protein_coding; promoter_flanking_region	rs10885405
10_113368732_T/C	10:113368732113368732	C	regulatory_region_variant; intergenic_variant	MODIFIER		RegulatoryFeature	2(0)	ENSR00000416176	enhancer	rs12250948
10_121335695_G/A	10:121335695121335695	A	intergenic_variant	MODIFIER			1(0)			rs9421410
10_121580593_A/G	10:121580593121580593	G	intron_variant; intron_variant;non_coding_transcript_variant; downstream_gene_variant; intron_variant;NMD_transcript_variant	MODIFIER	FGFR2	Transcript	21(21)	ENST00000336553; ENST00000346997; ENST00000351936; ENST00000356226; ENST00000357555; ENST00000358487; ENST00000359354; ENST00000360144; ENST00000369056; ENST00000369058; ENST00000369059; ENST00000369060; ENST00000369061; ENST00000457416; ENST00000490349; ENST00000491111; ENST00000604236; ENST00000611527; ENST00000613048; ENST00000613324; ENST00000636922	protein_coding; processed_transcript; nonsense_mediated_decay; non_stop_decay	rs45631580
10_121580917_GC/G	10:121580917121580918	G	intron_variant; intron_variant;non_coding_transcript_variant; downstream_gene_variant; intron_variant;NMD_transcript_variant	MODIFIER	FGFR2	Transcript	21(21)	ENST00000336553; ENST00000346997; ENST00000351936; ENST00000356226; ENST00000357555; ENST00000358487; ENST00000359354; ENST00000360144; ENST00000369056; ENST00000369058; ENST00000369059; ENST00000369060; ENST00000369061; ENST00000457416; ENST00000490349; ENST00000491111; ENST00000604236; ENST00000611527; ENST00000613048; ENST00000613324; ENST00000636922	protein_coding; processed_transcript; nonsense_mediated_decay; non_stop_decay	rs35054928
10_121589810_A/T	10:121589810121589810	T	intron_variant; intron_variant;non_coding_transcript_variant; intron_variant;NMD_transcript_variant	MODIFIER	FGFR2	Transcript	21(21)	ENST00000336553; ENST00000346997; ENST00000351936; ENST00000356226; ENST00000357555; ENST00000358487; ENST00000359354; ENST00000360144; ENST00000369056; ENST00000369058; ENST00000369059; ENST00000369060; ENST00000369061; ENST00000457416; ENST00000490349; ENST00000491111; ENST00000604236; ENST00000611527; ENST00000613048; ENST00000613324; ENST00000636922	protein_coding; processed_transcript; nonsense_mediated_decay; non_stop_decay	rs45631563;CR1312382
11_433617_T/C	11:433617433617	C	intron_variant; upstream_gene_variant; intron_variant;non_coding_transcript_variant	MODIFIER	ANO9	Transcript	6(6)	ENST00000332826; ENST00000525857; ENST00000526142; ENST00000528927; ENST00000532094; ENST00000534161	protein_coding; retained_intron	rs7394715
11_803017_A/G	11:803017803017	G	intron_variant; 3_prime_UTR_variant;NMD_transcript_variant; upstream_gene_variant; intron_variant;NMD_transcript_variant; non_coding_transcript_exon_variant; downstream_gene_variant	MODIFIER	PIDD1; SLC25A22; PANO1	Transcript	17(17)	ENST00000347755; ENST00000411829; ENST00000524486; ENST00000524891; ENST00000525028; ENST00000527357; ENST00000527812; ENST00000528122; ENST00000530360; ENST00000530911; ENST00000531286; ENST00000531437; ENST00000531514; ENST00000534525; ENST00000534649; ENST00000620120; ENST00000628067	protein_coding; nonsense_mediated_decay; retained_intron; processed_transcript	rs6597981;COSV61707574
11_1874478_C/A	11:18744781874478	A	intron_variant; upstream_gene_variant; intron_variant;non_coding_transcript_variant; regulatory_region_variant	MODIFIER	LSP1	Transcript; RegulatoryFeature	15(14)	ENST00000311604; ENST00000381775; ENST00000405957; ENST00000406638; ENST00000417766; ENST00000418975; ENST00000421485; ENST00000429923; ENST00000432093; ENST00000446808; ENST00000451814; ENST00000457279; ENST00000472974; ENST00000612798; ENSR00000421451	protein_coding; processed_transcript; promoter	rs4980386
11_18642694_T/G	11:1864269418642694	G	intergenic_variant	MODIFIER			1(0)			rs10832963
11_42822891_C/T	11:4282289142822891	T	intergenic_variant	MODIFIER			1(0)			rs4472923
11_44347342_G/A	11:4434734244347342	A	intergenic_variant	MODIFIER			1(0)			rs10838267
11_46296481_C/G	11:4629648146296481	G	intron_variant; regulatory_region_variant	MODIFIER	CREB3L1	Transcript; RegulatoryFeature	4(2)	ENST00000534787; ENST00000621158; ENSR00000039510; ENSR00000956149	protein_coding; promoter; CTCF_binding_site	rs77047825
11_65786021_C/A	11:6578602165786021	A	upstream_gene_variant; downstream_gene_variant; regulatory_region_variant	MODIFIER	OVOL1; OVOL1AS1	Transcript; RegulatoryFeature	6(5)	ENST00000335987; ENST00000527453; ENST00000531907; ENST00000532454; ENST00000534178; ENSR00000040887	protein_coding; lncRNA; processed_transcript; promoter	rs12287832
11_65804960_G/A	11:6580496065804960	A	intergenic_variant	MODIFIER			1(0)			rs10896047
11_69513362_A/T	11:6951336269513362	T	intergenic_variant	MODIFIER			1(0)			rs35039974
11_69516215_G/A	11:6951621569516215	A	regulatory_region_variant; intergenic_variant	MODIFIER		RegulatoryFeature	2(0)	ENSR00000434027	promoter_flanking_region	rs661204
11_69516650_C/T	11:6951665069516650	T	regulatory_region_variant; intergenic_variant	MODIFIER		RegulatoryFeature	2(0)	ENSR00000434027	promoter_flanking_region	rs78540526;CR136711
11_103743710_T/G	11:103743710103743710	G	intron_variant;non_coding_transcript_variant	MODIFIER	AP002989.1	Transcript	1(1)	ENST00000533459	lncRNA	rs7125780
11_108396675_C/CA	11:108396675108396675	CA	intron_variant; intron_variant;non_coding_transcript_variant; intron_variant;NMD_transcript_variant	MODIFIER	C11orf65	Transcript	8(8)	ENST00000393084; ENST00000524755; ENST00000525729; ENST00000526725; ENST00000527531; ENST00000529391; ENST00000533583; ENST00000615746	protein_coding; processed_transcript; nonsense_mediated_decay	rs199504893
11_111825716_T/C	11:111825716111825716	C	intron_variant; intron_variant;non_coding_transcript_variant; intron_variant;NMD_transcript_variant	MODIFIER	ALG9; ALG9IT1; AP001781.2	Transcript	10(10)	ENST00000398006; ENST00000526272; ENST00000530851; ENST00000531154; ENST00000531305; ENST00000532425; ENST00000614444; ENST00000616540; ENST00000619129; ENST00000622211	protein_coding; processed_transcript; lncRNA; nonsense_mediated_decay	rs610437
11_116857220_A/T	11:116857220116857220	T	intron_variant; intron_variant;NMD_transcript_variant; downstream_gene_variant; intron_variant;non_coding_transcript_variant; non_coding_transcript_exon_variant	MODIFIER	SIK3; APOA1AS	Transcript	9(9)	ENST00000375300; ENST00000415541; ENST00000444200; ENST00000445177; ENST00000446921; ENST00000465421; ENST00000480468; ENST00000488337; ENST00000669664	protein_coding; nonsense_mediated_decay; lncRNA; retained_intron; processed_transcript	rs625145
11_123095918_A/G	11:123095918123095918	G	intron_variant; intron_variant;non_coding_transcript_variant	MODIFIER	CLMP	Transcript	2(2)	ENST00000448775; ENST00000529128	protein_coding; retained_intron	rs7121616
11_129373522_T/G	11:129373522129373522	G	upstream_gene_variant; regulatory_region_variant	MODIFIER	BARX2	Transcript; RegulatoryFeature	2(1)	ENST00000281437; ENSR00000047001	protein_coding; promoter	rs7939702
11_129591121_A/G	11:129591121129591121	G	upstream_gene_variant; regulatory_region_variant	MODIFIER	AP003500.1	Transcript; RegulatoryFeature	2(1)	ENST00000626400; ENSR00000963305	lncRNA; enhancer	rs11822830
12_184460_A/G	12:184460184460	G	upstream_gene_variant	MODIFIER	AC007406.3	Transcript	2(2)	ENST00000537295; ENST00000537961	lncRNA	rs797736
12_14260997_G/C	12:1426099714260997	C	regulatory_region_variant; intergenic_variant	MODIFIER		RegulatoryFeature	2(0)	ENSR00000451207	promoter	rs12422552
12_27996635_C/T	12:2799663527996635	T	regulatory_region_variant; intergenic_variant	MODIFIER		RegulatoryFeature	2(0)	ENSR00000453858	enhancer	rs788458
12_28021884_C/T	12:2802188428021884	T	regulatory_region_variant; TF_binding_site_variant; intergenic_variant	MODIFIER		RegulatoryFeature; MotifFeature	3(0)	ENSR00000453861; ENSM00525963810	promoter_flanking_region	rs7297051
12_28194449_C/T	12:2819444928194449	T	upstream_gene_variant; intron_variant;NMD_transcript_variant; intron_variant; intron_variant;non_coding_transcript_variant	MODIFIER	AC022364.1; CCDC91	Transcript	12(12)	ENST00000473753; ENST00000535520; ENST00000536154; ENST00000536442; ENST00000538586; ENST00000539107; ENST00000540794; ENST00000543534; ENST00000544649; ENST00000544780; ENST00000545336; ENST00000617468	lncRNA; nonsense_mediated_decay; protein_coding; non_stop_decay; processed_transcript	rs11049431
12_28987327_G/A	12:2898732728987327	A	intergenic_variant	MODIFIER			1(0)			rs1027113
12_56752285_T/G	12:5675228556752285	G	missense_variant; upstream_gene_variant; non_coding_transcript_exon_variant; missense_variant;NMD_transcript_variant; 5_prime_UTR_variant; regulatory_region_variant; TF_binding_site_variant	MODERATE; MODIFIER	PRIM1; HSD17B6	Transcript; RegulatoryFeature; MotifFeature	21(15)	ENST00000338193; ENST00000546761; ENST00000548173; ENST00000550224; ENST00000550770; ENST00000552408; ENST00000552590; ENST00000554150; ENST00000554155; ENST00000554643; ENST00000555159; ENST00000555805; ENST00000556481; ENST00000556650; ENST00000672280; ENSR00000052547; ENSM00526127447; ENSM00206948459; ENSM00148802910; ENSM00206794858; ENSM00206907129	protein_coding; processed_transcript; retained_intron; nonsense_mediated_decay; promoter	rs2277339;COSV57717054
12_70404575_A/T	12:7040457570404575	T	intron_variant; intron_variant;NMD_transcript_variant	MODIFIER	KCNMB4	Transcript	2(2)	ENST00000258111; ENST00000531884	protein_coding; nonsense_mediated_decay	rs2870876
12_82670416_G/GA	12:8267041682670416	GA	downstream_gene_variant	MODIFIER	AC091214.1	Transcript	1(1)	ENST00000651263	lncRNA	rs111622698
12_84610772_C/T	12:8461077284610772	T	intergenic_variant	MODIFIER			1(0)			rs10862899
12_95633983_A/G	12:9563398395633983	G	intron_variant;non_coding_transcript_variant; regulatory_region_variant	MODIFIER	PGAM1P5	Transcript; RegulatoryFeature	2(1)	ENST00000626376; ENSR00000466592	processed_transcript; promoter_flanking_region	rs17356907
12_102704109_C/T	12:102704109102704109	T	intergenic_variant	MODIFIER			1(0)			rs7132703
12_111162330_G/T	12:111162330111162330	T	intron_variant	MODIFIER	CUX2	Transcript	2(2)	ENST00000261726; ENST00000397643	protein_coding	rs11065822
12_114670331_T/C	12:114670331114670331	C	3_prime_UTR_variant; regulatory_region_variant	MODIFIER	TBX3	Transcript; RegulatoryFeature	3(2)	ENST00000257566; ENST00000349155; ENSR00000057746	protein_coding; promoter	rs1061657
12_115358772_A/G	12:115358772115358772	G	upstream_gene_variant	MODIFIER	AC078880.2	Transcript	1(1)	ENST00000547948	lncRNA	rs11067551
12_115398031_T/C	12:115398031115398031	C	regulatory_region_variant; intergenic_variant	MODIFIER		RegulatoryFeature	2(0)	ENSR00000973822	enhancer	rs2454399
12_120394343_C/T	12:120394343120394343	T	intron_variant;non_coding_transcript_variant	MODIFIER	AC003982.1	Transcript	2(2)	ENST00000536933; ENST00000662509	lncRNA	rs206966
13_32265853_G/A	13:3226585332265853	A	intron_variant; intron_variant;NMD_transcript_variant; downstream_gene_variant	MODIFIER	FRY	Transcript	7(7)	ENST00000380250; ENST00000477712; ENST00000542859; ENST00000641614; ENST00000642040; ENST00000645780; ENST00000647500	protein_coding; nonsense_mediated_decay; retained_intron	rs56404467
13_32398489_A/T	13:3239848932398489	T	downstream_gene_variant; stop_gained	MODIFIER; HIGH	N4BP2L1; BRCA2	Transcript	16(16)	ENST00000343281; ENST00000380130; ENST00000380133; ENST00000380139; ENST00000380152; ENST00000459716; ENST00000470094; ENST00000495479; ENST00000530622; ENST00000533776; ENST00000544455; ENST00000613078; ENST00000635178; ENST00000635608; ENST00000665585; ENST00000666593	nonsense_mediated_decay; protein_coding; retained_intron	rs11571833;CM993644;COSV66337127
13_42927220_A/G	13:4292722042927220	G	intron_variant; intron_variant;non_coding_transcript_variant	MODIFIER	EPSTI1	Transcript	7(7)	ENST00000313624; ENST00000313640; ENST00000398762; ENST00000476830; ENST00000535677; ENST00000537828; ENST00000540470	protein_coding; processed_transcript; retained_intron	rs9315973
13_73232845_T/C	13:7323284573232845	C	intergenic_variant	MODIFIER			1(0)			rs12870942
13_73386815_A/G	13:7338681573386815	G	intergenic_variant	MODIFIER			1(0)			rs2181965
14_36659359_C/A	14:3665935936659359	A	upstream_gene_variant; intron_variant; intron_variant;non_coding_transcript_variant; downstream_gene_variant	MODIFIER	PAX9; AL079303.1; AL132857.2	Transcript	7(7)	ENST00000361487; ENST00000402703; ENST00000553267; ENST00000554201; ENST00000555107; ENST00000555639; ENST00000634305	protein_coding; processed_transcript; retained_intron; lncRNA	rs34914085
14_36759299_C/T	14:3675929936759299	T	intron_variant; intron_variant;non_coding_transcript_variant	MODIFIER	SLC25A21	Transcript	3(3)	ENST00000331299; ENST00000546428; ENST00000555449	protein_coding; retained_intron	rs2253012
14_68193711_T/C	14:6819371168193711	C	intron_variant;non_coding_transcript_variant; intron_variant; intron_variant;NMD_transcript_variant; regulatory_region_variant	MODIFIER	RAD51B	Transcript; RegulatoryFeature	15(14)	ENST00000460526; ENST00000468382; ENST00000469165; ENST00000471583; ENST00000478014; ENST00000479335; ENST00000487270; ENST00000487861; ENST00000488612; ENST00000492236; ENST00000497460; ENST00000553595; ENST00000554244; ENST00000557045; ENSR00000500570	processed_transcript; protein_coding; nonsense_mediated_decay; promoter_flanking_region	rs2588809
14_68513118_T/C	14:6851311868513118	C	intron_variant;non_coding_transcript_variant; intron_variant	MODIFIER	RAD51B	Transcript	7(7)	ENST00000478014; ENST00000487270; ENST00000487861; ENST00000488612; ENST00000497460; ENST00000553595; ENST00000554244	processed_transcript; protein_coding	rs11624333
14_91285444_TC/T	14:9128544491285445	T	5_prime_UTR_variant; upstream_gene_variant; intron_variant; downstream_gene_variant; 3_prime_UTR_variant; regulatory_region_variant	MODIFIER	CCDC88C	Transcript; RegulatoryFeature	6(5)	ENST00000331194; ENST00000334448; ENST00000389857; ENST00000555995; ENST00000556726; ENSR00000505302	protein_coding; retained_intron; promoter_flanking_region	rs11341843
14_91374725_A/G	14:9137472591374725	G	downstream_gene_variant; intron_variant; intron_variant;non_coding_transcript_variant	MODIFIER	CCDC88C	Transcript	5(5)	ENST00000389856; ENST00000389857; ENST00000553403; ENST00000553437; ENST00000554872	protein_coding; retained_intron	rs941764
14_92603941_C/T	14:9260394192603941	T	intron_variant; intron_variant;non_coding_transcript_variant; intron_variant;NMD_transcript_variant; regulatory_region_variant	MODIFIER	AL159141.1	Transcript; RegulatoryFeature	7(5)	ENST00000216487; ENST00000418924; ENST00000555589; ENST00000556385; ENST00000620541; ENSR00000505606; ENSR00000988222	protein_coding; processed_transcript; nonsense_mediated_decay; retained_intron; CTCF_binding_site; promoter_flanking_region	rs78440108
14_104747641_T/G	14:104747641104747641	G	downstream_gene_variant	MODIFIER	ADSS1	Transcript	11(11)	ENST00000330877; ENST00000332972; ENST00000553540; ENST00000553580; ENST00000554281; ENST00000554657; ENST00000555674; ENST00000555884; ENST00000556623; ENST00000557271; ENST00000557582	protein_coding; nonsense_mediated_decay; retained_intron; processed_transcript	rs4983544
15_46388613_C/A	15:4638861346388613	A	intergenic_variant	MODIFIER			1(0)			rs187010898
15_50402109_A/G	15:5040210950402109	G	intergenic_variant	MODIFIER			1(0)			rs4774565
15_66338231_G/A	15:6633823166338231	A	intron_variant; downstream_gene_variant; intron_variant;NMD_transcript_variant	MODIFIER	TIPIN; DIS3L	Transcript	6(6)	ENST00000261881; ENST00000319194; ENST00000319212; ENST00000530537; ENST00000562124; ENST00000566524	protein_coding; nonsense_mediated_decay	rs8042593
15_67165360_A/G	15:6716536067165360	G	missense_variant; upstream_gene_variant; downstream_gene_variant; non_coding_transcript_exon_variant; regulatory_region_variant	MODERATE; MODIFIER	SMAD3	Transcript; RegulatoryFeature	13(12)	ENST00000327367; ENST00000439724; ENST00000537194; ENST00000540846; ENST00000558428; ENST00000558739; ENST00000558827; ENST00000558894; ENST00000559092; ENST00000559460; ENST00000559937; ENST00000560175; ENSR00000519271	protein_coding; retained_intron; promoter_flanking_region	rs35874463;COSV59281888
15_75458042_T/C	15:7545804275458042	C	upstream_gene_variant	MODIFIER	SIN3A; AC105137.2	Transcript	8(8)	ENST00000360439; ENST00000562776; ENST00000564778; ENST00000568190; ENST00000568309; ENST00000568431; ENST00000570115; ENST00000617588	protein_coding; lncRNA	rs8035987
15_90969037_G/T	15:9096903790969037	T	intron_variant; intron_variant;non_coding_transcript_variant; downstream_gene_variant; 3_prime_UTR_variant;NMD_transcript_variant; non_coding_transcript_exon_variant	MODIFIER	PRC1; PRC1AS1; AC068831.8	Transcript	12(12)	ENST00000361188; ENST00000394249; ENST00000442656; ENST00000554388; ENST00000555455; ENST00000556200; ENST00000556972; ENST00000559326; ENST00000559828; ENST00000560423; ENST00000643536; ENST00000660154	protein_coding; lncRNA; retained_intron; nonsense_mediated_decay	rs2290202
15_100365614_A/C	15:100365614100365614	C	intergenic_variant	MODIFIER			1(0)			rs144767203
16_3958541_CAAAAA/C	16:39585413958546	C	downstream_gene_variant; intron_variant	MODIFIER	ADCY9	Transcript	2(2)	ENST00000294016; ENST00000576936	protein_coding	rs57920543
16_4056787_C/A	16:40567874056787	A	intron_variant; intron_variant;NMD_transcript_variant; upstream_gene_variant	MODIFIER	ADCY9	Transcript	4(4)	ENST00000294016; ENST00000571467; ENST00000571889; ENST00000572288	protein_coding; nonsense_mediated_decay; processed_transcript	rs11076805
16_6913971_C/G	16:69139716913971	G	intron_variant; intron_variant;non_coding_transcript_variant	MODIFIER	RBFOX1	Transcript	11(11)	ENST00000422070; ENST00000535565; ENST00000547338; ENST00000547372; ENST00000547427; ENST00000547605; ENST00000550418; ENST00000551752; ENST00000552089; ENST00000553186; ENST00000641259	protein_coding; processed_transcript	rs12709163
16_10612723_G/A	16:1061272310612723	A	intergenic_variant	MODIFIER			1(0)			rs34872983
16_22995726_G/T	16:2299572622995726	T	intergenic_variant	MODIFIER			1(0)			rs75753503
16_52504913_C/A	16:5250491352504913	A	intron_variant; intron_variant;NMD_transcript_variant	MODIFIER	TOX3	Transcript	4(4)	ENST00000219746; ENST00000407228; ENST00000563091; ENST00000568436	protein_coding; nonsense_mediated_decay	rs35668161
16_52565276_C/T	16:5256527652565276	T	intron_variant;non_coding_transcript_variant; regulatory_region_variant	MODIFIER	CASC16	Transcript; RegulatoryFeature	4(3)	ENST00000510238; ENST00000652959; ENST00000671536; ENSR00000537595	lncRNA; promoter_flanking_region	rs4784227;CR104121
16_53775211_C/T	16:5377521153775211	T	intron_variant;NMD_transcript_variant; intron_variant; intron_variant;non_coding_transcript_variant; regulatory_region_variant	MODIFIER	FTO	Transcript; RegulatoryFeature	13(12)	ENST00000464071; ENST00000471389; ENST00000570395; ENST00000636030; ENST00000636218; ENST00000636491; ENST00000636992; ENST00000637001; ENST00000637562; ENST00000637845; ENST00000637969; ENST00000640179; ENSR00001001829	nonsense_mediated_decay; protein_coding; processed_transcript; promoter_flanking_region	rs55872725
16_53827227_C/T	16:5382722753827227	T	intron_variant;NMD_transcript_variant; intron_variant; downstream_gene_variant; intron_variant;non_coding_transcript_variant; regulatory_region_variant	MODIFIER	FTO	Transcript; RegulatoryFeature	14(13)	ENST00000464071; ENST00000471389; ENST00000563011; ENST00000570395; ENST00000636030; ENST00000636218; ENST00000636491; ENST00000636992; ENST00000637001; ENST00000637562; ENST00000637845; ENST00000637969; ENST00000640179; ENSR00001001838	nonsense_mediated_decay; protein_coding; processed_transcript; promoter_flanking_region	rs6499648
16_53827680_G/A	16:5382768053827680	A	intron_variant;NMD_transcript_variant; intron_variant; downstream_gene_variant; intron_variant;non_coding_transcript_variant; regulatory_region_variant	MODIFIER	FTO	Transcript; RegulatoryFeature	14(13)	ENST00000464071; ENST00000471389; ENST00000563011; ENST00000570395; ENST00000636030; ENST00000636218; ENST00000636491; ENST00000636992; ENST00000637001; ENST00000637562; ENST00000637845; ENST00000637969; ENST00000640179; ENSR00001001838	nonsense_mediated_decay; protein_coding; processed_transcript; promoter_flanking_region	rs7184573
16_54648152_G/A	16:5464815254648152	A	intron_variant;non_coding_transcript_variant	MODIFIER	AC007491.1	Transcript	1(1)	ENST00000637560	lncRNA	rs28539243
16_80614399_A/G	16:8061439980614399	G	intron_variant;non_coding_transcript_variant; intron_variant; regulatory_region_variant	MODIFIER	CDYL2	Transcript; RegulatoryFeature	6(5)	ENST00000561616; ENST00000562812; ENST00000563890; ENST00000566173; ENST00000570137; ENSR00000543382	processed_transcript; protein_coding; promoter_flanking_region	rs7500067
16_85112371_T/C	16:8511237185112371	C	5_prime_UTR_variant; upstream_gene_variant; regulatory_region_variant	MODIFIER	FAM92B	Transcript; RegulatoryFeature	4(3)	ENST00000539556; ENST00000618669; ENST00000629253; ENSR00001004686	protein_coding; promoter_flanking_region	rs9931038;COSV73320694
16_87052886_T/C	16:8705288687052886	C	upstream_gene_variant; regulatory_region_variant	MODIFIER	LINC02181	Transcript; RegulatoryFeature	2(1)	ENST00000430050; ENSR00000545299	lncRNA; CTCF_binding_site	rs12449271
17_30841059_G/T	17:3084105930841059	T	intron_variant; intron_variant;non_coding_transcript_variant	MODIFIER	ATAD5; AC130324.2	Transcript	4(4)	ENST00000321990; ENST00000578295; ENST00000580873; ENST00000585133	protein_coding; non_stop_decay; lncRNA; retained_intron	rs79461387
17_41094871_T/C	17:4109487141094871	C	downstream_gene_variant	MODIFIER	KRTAP48; AC100808.1	Transcript	3(3)	ENST00000318329; ENST00000333822; ENST00000657137	protein_coding; lncRNA	rs150537328
17_41975042_T/C	17:4197504241975042	C	downstream_gene_variant; 3_prime_UTR_variant	MODIFIER	DNAJC7; CNP	Transcript	11(11)	ENST00000316603; ENST00000393888; ENST00000393892; ENST00000426588; ENST00000457167; ENST00000472031; ENST00000486438; ENST00000587727; ENST00000588814; ENST00000592105; ENST00000592861	protein_coding; retained_intron; nonsense_mediated_decay; processed_transcript	rs11296
17_42333221_G/T	17:4233322142333221	T	intron_variant; upstream_gene_variant; regulatory_region_variant	MODIFIER	STAT3	Transcript; RegulatoryFeature	7(6)	ENST00000264657; ENST00000389272; ENST00000404395; ENST00000478276; ENST00000585517; ENST00000588969; ENSR00000555938	protein_coding; retained_intron; open_chromatin_region	rs17881320
17_42592452_G/A	17:4259245242592452	A	intron_variant; intron_variant;NMD_transcript_variant; intron_variant;non_coding_transcript_variant	MODIFIER	RETREG3	Transcript	10(10)	ENST00000309428; ENST00000585726; ENST00000585894; ENST00000586796; ENST00000586870; ENST00000588423; ENST00000589797; ENST00000590541; ENST00000591547; ENST00000593251	protein_coding; nonsense_mediated_decay; retained_intron	rs149370081
17_45134972_C/CT	17:4513497245134972	CT	upstream_gene_variant; intron_variant; intron_variant;non_coding_transcript_variant; regulatory_region_variant	MODIFIER	ACBD4; PLCD3	Transcript; RegulatoryFeature	22(20)	ENST00000321854; ENST00000376955; ENST00000398322; ENST00000431281; ENST00000538093; ENST00000544446; ENST00000585553; ENST00000586279; ENST00000586346; ENST00000587111; ENST00000587976; ENST00000589752; ENST00000589798; ENST00000590289; ENST00000590644; ENST00000591136; ENST00000591859; ENST00000592162; ENST00000619916; ENST00000619929; ENSR00000094874; ENSR00000556785	protein_coding; processed_transcript; retained_intron; nonsense_mediated_decay; promoter; CTCF_binding_site	rs71363517
17_46206492_G/A	17:4620649246206492	A	intron_variant; intron_variant;non_coding_transcript_variant	MODIFIER	KANSL1	Transcript	12(12)	ENST00000572904; ENST00000574590; ENST00000574655; ENST00000575318; ENST00000576739; ENST00000638269; ENST00000638902; ENST00000639099; ENST00000639150; ENST00000639356; ENST00000639375; ENST00000648792	protein_coding; processed_transcript; retained_intron	rs2668667
17_55132413_A/C	17:5513241355132413	C	intron_variant	MODIFIER	STXBP4	Transcript	2(2)	ENST00000376352; ENST00000434978	protein_coding	rs2787486
17_79807926_A/G	17:7980792679807926	G	intergenic_variant	MODIFIER			1(0)			rs745570
18_11696614_C/T	18:1169661411696614	T	intron_variant; intron_variant;non_coding_transcript_variant	MODIFIER	GNAL	Transcript	2(2)	ENST00000334049; ENST00000585590	protein_coding; processed_transcript	rs16976596
18_23054290_C/T	18:2305429023054290	T	regulatory_region_variant; intergenic_variant	MODIFIER		RegulatoryFeature	3(0)	ENSR00000285358; ENSR00001016297	CTCF_binding_site; promoter_flanking_region	rs11665269
18_26545893_T/C	18:2654589326545893	C	intron_variant; upstream_gene_variant; regulatory_region_variant	MODIFIER	KCTD1; AC007996.1	Transcript; RegulatoryFeature	10(9)	ENST00000317932; ENST00000408011; ENST00000417602; ENST00000578973; ENST00000579973; ENST00000580059; ENST00000580191; ENST00000580638; ENST00000620414; ENSR00000101780	protein_coding; lncRNA; promoter	rs1111207
18_26757460_C/G	18:2675746026757460	G	intron_variant;non_coding_transcript_variant; regulatory_region_variant; TF_binding_site_variant	MODIFIER	AQP4AS1	Transcript; RegulatoryFeature; MotifFeature	5(3)	ENST00000579964; ENST00000582605; ENST00000628174; ENSR00001016696; ENSM00523287201	lncRNA; promoter_flanking_region	rs527616
18_26938086_AT/A	18:2693808626938087	A	downstream_gene_variant; intron_variant;non_coding_transcript_variant; intron_variant	MODIFIER	AQP4AS1; CHST9	Transcript	14(14)	ENST00000568797; ENST00000578701; ENST00000579964; ENST00000580774; ENST00000581714; ENST00000618847; ENST00000656601; ENST00000658581; ENST00000661645; ENST00000664268; ENST00000664897; ENST00000668155; ENST00000669364; ENST00000670815	lncRNA; protein_coding	rs35369219
18_27827549_C/G	18:2782754927827549	G	intergenic_variant	MODIFIER			1(0)			rs8092192
18_32401563_G/A	18:3240156332401563	A	intron_variant	MODIFIER	GAREM1	Transcript	2(2)	ENST00000269209; ENST00000399218	protein_coding	rs72931898
18_44831838_G/C	18:4483183844831838	C	intron_variant	MODIFIER	SETBP1	Transcript	3(3)	ENST00000426838; ENST00000645568; ENST00000649279	protein_coding	rs9954058;COSV56320270
18_45308832_T/C	18:4530883245308832	C	intron_variant	MODIFIER	SLC14A2	Transcript	1(1)	ENST00000586448	protein_coding	rs9952980
19_13139107_G/T	19:1313910713139107	T	downstream_gene_variant; 3_prime_UTR_variant	MODIFIER	STX10; NACC1; AC011446.1	Transcript	10(10)	ENST00000242770; ENST00000292431; ENST00000343587; ENST00000585663; ENST00000586171; ENST00000587230; ENST00000587318; ENST00000589083; ENST00000591825; ENST00000591843	protein_coding; lncRNA; nonsense_mediated_decay	rs117922601;COSV52834201
19_17283116_C/A	19:1728311617283116	A	downstream_gene_variant; intron_variant; intron_variant;NMD_transcript_variant; non_coding_transcript_exon_variant; intron_variant;non_coding_transcript_variant; upstream_gene_variant; regulatory_region_variant	MODIFIER	BABAM1; ANKLE1; AC010463.1; USHBP1	Transcript; RegulatoryFeature	24(22)	ENST00000359435; ENST00000394458; ENST00000404085; ENST00000404261; ENST00000447614; ENST00000594072; ENST00000594247; ENST00000595632; ENST00000596099; ENST00000596542; ENST00000596626; ENST00000596834; ENST00000598188; ENST00000598309; ENST00000598347; ENST00000598382; ENST00000598567; ENST00000601043; ENST00000601232; ENST00000601401; ENST00000651416; ENST00000652132; ENSR00000107868; ENSR00000287694	protein_coding; nonsense_mediated_decay; retained_intron; processed_transcript; promoter; CTCF_binding_site	rs56069439
19_18458682_C/T	19:1845868218458682	T	intron_variant; intron_variant;NMD_transcript_variant	MODIFIER	ELL	Transcript	3(3)	ENST00000262809; ENST00000594635; ENST00000596124	protein_coding; nonsense_mediated_decay	rs10164323
19_19406245_C/CGGGCG	19:1940624519406245	CGGGCG	intron_variant; intron_variant;non_coding_transcript_variant; upstream_gene_variant; intron_variant;NMD_transcript_variant; regulatory_region_variant; TF_binding_site_variant	MODIFIER	GATAD2A; AC092067.1	Transcript; RegulatoryFeature; MotifFeature	9(7)	ENST00000360315; ENST00000417582; ENST00000448576; ENST00000457895; ENST00000494516; ENST00000592929; ENST00000609040; ENSR00000586854; ENSM00197825875	protein_coding; processed_transcript; lncRNA; nonsense_mediated_decay; promoter	rs140702307
19_43778879_T/C	19:4377887943778879	C	upstream_gene_variant; intron_variant;NMD_transcript_variant; intron_variant; regulatory_region_variant	MODIFIER	KCNN4	Transcript; RegulatoryFeature	7(6)	ENST00000599107; ENST00000599720; ENST00000601549; ENST00000615047; ENST00000648053; ENST00000648319; ENSR00000590972	retained_intron; nonsense_mediated_decay; protein_coding; processed_transcript; promoter	rs56681946
19_45662815_T/C	19:4566281545662815	C	intergenic_variant	MODIFIER			1(0)			rs4399645
19_55305310_C/T	19:5530531055305310	T	intron_variant; downstream_gene_variant; intron_variant;non_coding_transcript_variant	MODIFIER	BRSK1	Transcript	7(7)	ENST00000309383; ENST00000326848; ENST00000585418; ENST00000586626; ENST00000588584; ENST00000590333; ENST00000591774	protein_coding; retained_intron; processed_transcript	rs1172821;COSV58669916
2_9998855_T/C	2:99988559998855	C	intron_variant; downstream_gene_variant; intron_variant;NMD_transcript_variant; regulatory_region_variant	MODIFIER	GRHL1; AC010969.1	Transcript; RegulatoryFeature	8(7)	ENST00000324907; ENST00000340444; ENST00000405379; ENST00000464418; ENST00000472167; ENST00000480736; ENST00000673264; ENSR00000596688	protein_coding; lncRNA; nonsense_mediated_decay; open_chromatin_region	rs78425380
2_19115914_T/A	2:1911591419115914	A	intron_variant;non_coding_transcript_variant	MODIFIER	LINC01376	Transcript	4(4)	ENST00000418165; ENST00000432142; ENST00000449124; ENST00000650025	lncRNA	rs6743383
2_24906604_A/G	2:2490660424906604	G	intron_variant	MODIFIER	ADCY3	Transcript	3(3)	ENST00000260600; ENST00000405392; ENST00000435135	protein_coding	rs6725517
2_28956586_G/C	2:2895658628956586	C	upstream_gene_variant; regulatory_region_variant; TF_binding_site_variant	MODIFIER	TOGARAM2	Transcript; RegulatoryFeature; MotifFeature	7(1)	ENST00000401723; ENSR00000290236; ENSR00000601002; ENSM00182821213; ENSM00206266341; ENSM00162350958; ENSM00158430171	protein_coding; CTCF_binding_site; promoter	rs12472404
2_29392367_T/C	2:2939236729392367	C	intron_variant	MODIFIER	ALK	Transcript	2(2)	ENST00000389048; ENST00000618119	protein_coding	rs4322799
2_39472369_C/CT	2:3947236939472369	CT	intron_variant;non_coding_transcript_variant	MODIFIER	MAP4K3DT	Transcript	17(17)	ENST00000422128; ENST00000425775; ENST00000426083; ENST00000443038; ENST00000445520; ENST00000446698; ENST00000449569; ENST00000451547; ENST00000658048; ENST00000658057; ENST00000658319; ENST00000659562; ENST00000662313; ENST00000667600; ENST00000668952; ENST00000670934; ENST00000671403	lncRNA	rs553796823
2_69945455_G/A	2:6994545569945455	A	downstream_gene_variant	MODIFIER	MXD1	Transcript	3(3)	ENST00000264444; ENST00000465446; ENST00000540449	protein_coding; processed_transcript	rs6756513
2_88059306_G/C	2:8805930688059306	C	upstream_gene_variant; intron_variant	MODIFIER	KRCC1	Transcript	2(2)	ENST00000347055; ENST00000672766	protein_coding	rs1036759
2_120300678_A/G	2:120300678120300678	G	intergenic_variant	MODIFIER			1(0)			rs6746250
2_120332155_T/C	2:120332155120332155	C	intergenic_variant	MODIFIER			1(0)			rs17625845
2_120401629_G/A	2:120401629120401629	A	intergenic_variant	MODIFIER			1(0)			rs10164550
2_120488992_T/C	2:120488992120488992	C	intergenic_variant	MODIFIER			1(0)			rs10179592
2_172109838_C/G	2:172109838172109838	G	non_coding_transcript_exon_variant; regulatory_region_variant	MODIFIER	DLX2DT	Transcript; RegulatoryFeature	2(1)	ENST00000448117; ENSR00001040795	lncRNA; open_chromatin_region	rs17726078
2_173348182_A/G	2:173348182173348182	G	intron_variant;non_coding_transcript_variant	MODIFIER	AC092573.2	Transcript	1(1)	ENST00000437243	processed_transcript	rs1550622
2_191517208_C/T	2:191517208191517208	T	regulatory_region_variant; intergenic_variant	MODIFIER		RegulatoryFeature	2(0)	ENSR00001042522	enhancer	rs2356656
2_201340018_T/C	2:201340018201340018	C	intron_variant; intron_variant;non_coding_transcript_variant; regulatory_region_variant	MODIFIER	FLACC1	Transcript; RegulatoryFeature	8(7)	ENST00000286190; ENST00000392257; ENST00000405148; ENST00000425488; ENST00000439709; ENST00000448967; ENST00000494171; ENSR00001043192	protein_coding; processed_transcript; retained_intron; CTCF_binding_site	rs10197246
2_217056046_G/T	2:217056046217056046	T	intergenic_variant	MODIFIER			1(0)			rs4442975
2_217091173_GA/G	2:217091173217091174	G	intergenic_variant	MODIFIER			1(0)			rs572022984
2_217427435_C/G	2:217427435217427435	G	non_coding_transcript_exon_variant; upstream_gene_variant	MODIFIER	DIRC3	Transcript	5(5)	ENST00000474063; ENST00000484635; ENST00000486365; ENST00000663562; ENST00000671322	lncRNA	rs11693806
2_217850122_G/A	2:217850122217850122	A	intron_variant; intron_variant;non_coding_transcript_variant	MODIFIER	TNS1	Transcript	11(11)	ENST00000171887; ENST00000413554; ENST00000419504; ENST00000430930; ENST00000446903; ENST00000479185; ENST00000480665; ENST00000611415; ENST00000615025; ENST00000646520; ENST00000651849	protein_coding; retained_intron; processed_transcript	rs3791977
2_240449440_C/A	2:240449440240449440	A	intron_variant; non_coding_transcript_exon_variant; upstream_gene_variant; intron_variant;non_coding_transcript_variant; downstream_gene_variant	MODIFIER	GPC1; AC110619.1	Transcript	7(7)	ENST00000264039; ENST00000404327; ENST00000404891; ENST00000420138; ENST00000469694; ENST00000471662; ENST00000538012	protein_coding; lncRNA; retained_intron	rs4676356
20_5967581_G/A	20:59675815967581	A	missense_variant; downstream_gene_variant	MODERATE; MODIFIER	MCM8; AL035461.1; AL035461.2; AL035461.4	Transcript	8(8)	ENST00000265187; ENST00000378883; ENST00000378886; ENST00000378896; ENST00000384650; ENST00000421490; ENST00000610722; ENST00000652720	protein_coding; misc_RNA; processed_pseudogene	rs16991615;CM1211020;COSV54512304
20_11399194_T/C	20:1139919411399194	C	intergenic_variant	MODIFIER			1(0)			rs1154723
20_42985066_C/G	20:4298506642985066	G	intron_variant; intron_variant;NMD_transcript_variant	MODIFIER	PTPRT	Transcript	8(8)	ENST00000356100; ENST00000373184; ENST00000373187; ENST00000373190; ENST00000373193; ENST00000373198; ENST00000373201; ENST00000617474	protein_coding; nonsense_mediated_decay	rs6030585
20_53680310_G/A	20:5368031053680310	A	intergenic_variant	MODIFIER			1(0)			rs13039563
21_14992435_T/G	21:1499243514992435	G	intron_variant; intron_variant;non_coding_transcript_variant; non_coding_transcript_exon_variant; regulatory_region_variant	MODIFIER	NRIP1; AF127577.4; AF127577.2	Transcript; RegulatoryFeature	10(9)	ENST00000318948; ENST00000400199; ENST00000400202; ENST00000411932; ENST00000432230; ENST00000436429; ENST00000637630; ENST00000637963; ENST00000638122; ENSR00001054543	protein_coding; lncRNA; processed_transcript; promoter_flanking_region	rs2822999
21_15194030_A/G	21:1519403015194030	G	intron_variant;non_coding_transcript_variant	MODIFIER	AF222685.1	Transcript	1(1)	ENST00000673983	lncRNA	rs2823130
21_15202135_C/A	21:1520213515202135	A	intron_variant;non_coding_transcript_variant	MODIFIER	AF222685.1	Transcript	1(1)	ENST00000673983	lncRNA	rs2403907
21_46343018_G/A	21:4634301846343018	A	intron_variant; upstream_gene_variant; intron_variant;non_coding_transcript_variant	MODIFIER	PCNT	Transcript	4(4)	ENST00000359568; ENST00000466474; ENST00000480896; ENST00000490468	protein_coding; processed_transcript	rs4818836
22_19778614_C/T	22:1977861419778614	T	downstream_gene_variant; intron_variant	MODIFIER	GNB1L; TBX1	Transcript	3(3)	ENST00000329517; ENST00000329705; ENST00000359500	protein_coding	rs9798754
22_28725099_A/G	22:2872509928725099	G	missense_variant; intron_variant; missense_variant;NMD_transcript_variant; 5_prime_UTR_variant; intron_variant;NMD_transcript_variant; 3_prime_UTR_variant;NMD_transcript_variant	MODERATE; MODIFIER	CHEK2	Transcript	21(21)	ENST00000348295; ENST00000382565; ENST00000382580; ENST00000398017; ENST00000402731; ENST00000403642; ENST00000404276; ENST00000405598; ENST00000416671; ENST00000417588; ENST00000425190; ENST00000433028; ENST00000433728; ENST00000439200; ENST00000439346; ENST00000447421; ENST00000448511; ENST00000454252; ENST00000649563; ENST00000650233; ENST00000650281	protein_coding; nonsense_mediated_decay	rs17879961;CM993368;COSV60417313
22_28739555_G/A	22:2873955528739555	A	upstream_gene_variant; intron_variant; intron_variant;NMD_transcript_variant	MODIFIER	HSCB; CHEK2	Transcript	27(27)	ENST00000216027; ENST00000348295; ENST00000382565; ENST00000382580; ENST00000398017; ENST00000398941; ENST00000402731; ENST00000403642; ENST00000404276; ENST00000405598; ENST00000416671; ENST00000417588; ENST00000420442; ENST00000425190; ENST00000433028; ENST00000433728; ENST00000439200; ENST00000447421; ENST00000448511; ENST00000450178; ENST00000483861; ENST00000485599; ENST00000495977; ENST00000649563; ENST00000650233; ENST00000650281; ENST00000651322	protein_coding; nonsense_mediated_decay; processed_transcript	rs5997390;COSV53262912
22_28807736_C/T	22:2880773628807736	T	intron_variant;non_coding_transcript_variant	MODIFIER	Z93930.2	Transcript	3(3)	ENST00000418292; ENST00000451486; ENST00000458080	lncRNA	rs34134147
22_29155884_A/G	22:2915588429155884	G	intron_variant; downstream_gene_variant	MODIFIER	KREMEN1	Transcript	2(2)	ENST00000327813; ENST00000479755	protein_coding; processed_transcript	rs132289
22_38187308_AAAAG/AAAAGAAAG	22:3818730838187308	AAAAGAAAG	intron_variant;non_coding_transcript_variant; intron_variant; regulatory_region_variant	MODIFIER	PLA2G6	Transcript; RegulatoryFeature	4(3)	ENST00000417303; ENST00000594306; ENST00000660610; ENSR00000671881	processed_transcript; protein_coding; promoter_flanking_region	rs60160206
22_38947911_T/A	22:3894791138947911	A	upstream_gene_variant	MODIFIER	APOBEC3A	Transcript	2(2)	ENST00000402255; ENST00000495988	protein_coding; processed_transcript	rs5750715
22_40508703_CT/C	22:4050870340508704	C	intron_variant	MODIFIER	MRTFA	Transcript	9(9)	ENST00000355630; ENST00000396617; ENST00000402042; ENST00000422851; ENST00000463769; ENST00000618417; ENST00000651595; ENST00000651694; ENST00000652095	protein_coding	rs66987842
22_43037094_C/T	22:4303709443037094	T	downstream_gene_variant; upstream_gene_variant	MODIFIER	TTLL1; AL022476.1	Transcript	5(5)	ENST00000266254; ENST00000331018; ENST00000439248; ENST00000440761; ENST00000443063	protein_coding; nonsense_mediated_decay; lncRNA	rs9611990
22_44924073_G/A	22:4492407344924073	A	intron_variant; intron_variant;non_coding_transcript_variant	MODIFIER	PHF21B	Transcript	9(9)	ENST00000313237; ENST00000396103; ENST00000403565; ENST00000414269; ENST00000420689; ENST00000460507; ENST00000474327; ENST00000490679; ENST00000629843	protein_coding; processed_transcript	rs112855987
22_45887417_G/A	22:4588741745887417	A	intron_variant;non_coding_transcript_variant; TF_binding_site_variant	MODIFIER	BX324167.1	Transcript; MotifFeature	3(2)	ENST00000451118; ENST00000650444; ENSM00207932441	lncRNA	rs28512361
3_4700567_A/G	3:47005674700567	G	intron_variant; intron_variant;non_coding_transcript_variant; intron_variant;NMD_transcript_variant	MODIFIER	ITPR1	Transcript	19(19)	ENST00000302640; ENST00000354582; ENST00000357086; ENST00000443694; ENST00000456211; ENST00000544951; ENST00000647624; ENST00000647673; ENST00000647708; ENST00000647717; ENST00000648016; ENST00000648038; ENST00000648212; ENST00000648266; ENST00000648309; ENST00000648431; ENST00000649015; ENST00000649414; ENST00000650294	protein_coding; retained_intron; nonsense_mediated_decay	rs6762558
3_27312225_C/A	3:2731222527312225	A	intron_variant; intron_variant;non_coding_transcript_variant; regulatory_region_variant; TF_binding_site_variant	MODIFIER	NEK10	Transcript; RegulatoryFeature; MotifFeature	7(3)	ENST00000341435; ENST00000429845; ENST00000491627; ENSR00000680772; ENSR00000680774; ENSM00207569985; ENSM00207640647	protein_coding; retained_intron; promoter_flanking_region; CTCF_binding_site	rs552647;COSV58283614
3_27347173_C/G	3:2734717327347173	G	intron_variant; intron_variant;non_coding_transcript_variant	MODIFIER	NEK10	Transcript	4(4)	ENST00000341435; ENST00000429845; ENST00000435750; ENST00000491627	protein_coding; retained_intron	rs62255657
3_29253354_C/T	3:2925335429253354	T	intron_variant;NMD_transcript_variant; intron_variant; downstream_gene_variant; intron_variant;non_coding_transcript_variant	MODIFIER	AC098650.1; RBMS3; RBMS3AS3	Transcript	5(5)	ENST00000635992; ENST00000636680; ENST00000636900; ENST00000637842; ENST00000655701	nonsense_mediated_decay; protein_coding; processed_transcript; lncRNA	rs112476261
3_30643415_C/T	3:3064341530643415	T	intron_variant; intron_variant;non_coding_transcript_variant	MODIFIER	TGFBR2	Transcript	4(4)	ENST00000295754; ENST00000359013; ENST00000672866; ENST00000673250	protein_coding; processed_transcript	rs17838698
3_46846708_T/C	3:4684670846846708	C	intron_variant	MODIFIER	MYL3	Transcript	2(2)	ENST00000653454; ENST00000654597	protein_coding	rs56387622
3_49672479_C/CT	3:4967247949672479	CT	downstream_gene_variant; upstream_gene_variant; regulatory_region_variant	MODIFIER	BSN; APEH	Transcript; RegulatoryFeature	16(15)	ENST00000296452; ENST00000296456; ENST00000438011; ENST00000442186; ENST00000446089; ENST00000447436; ENST00000447541; ENST00000449966; ENST00000457042; ENST00000462439; ENST00000463616; ENST00000463995; ENST00000482301; ENST00000483715; ENST00000491799; ENSR00000152256	protein_coding; nonsense_mediated_decay; retained_intron; promoter	rs371314787
3_55936749_A/AT	3:5593674955936749	AT	intron_variant; intron_variant;NMD_transcript_variant	MODIFIER	ERC2	Transcript	4(4)	ENST00000288221; ENST00000460849; ENST00000492584; ENST00000612797	protein_coding; nonsense_mediated_decay	rs138866686
3_59388019_C/T	3:5938801959388019	T	intron_variant;non_coding_transcript_variant; regulatory_region_variant	MODIFIER	AC138057.1; AC126121.3	Transcript; RegulatoryFeature	3(2)	ENST00000497258; ENST00000668131; ENSR00000687883	lncRNA; CTCF_binding_site	rs2886671
3_63901773_T/TTG	3:6390177363901773	TTG	intron_variant; non_coding_transcript_exon_variant; downstream_gene_variant; intron_variant;non_coding_transcript_variant; regulatory_region_variant	MODIFIER	ATXN7; AC104162.2	Transcript; RegulatoryFeature	9(8)	ENST00000295900; ENST00000474112; ENST00000474513; ENST00000538065; ENST00000643464; ENST00000646942; ENST00000647117; ENST00000650280; ENSR00001067516	protein_coding; lncRNA; promoter_flanking_region	rs147250346
3_71571219_T/G	3:7157121971571219	G	intron_variant; intron_variant;NMD_transcript_variant; intron_variant;non_coding_transcript_variant; non_coding_transcript_exon_variant; downstream_gene_variant	MODIFIER	FOXP1; FOXP1IT1; AC097634.2; AC097634.4	Transcript	27(27)	ENST00000318779; ENST00000318789; ENST00000327590; ENST00000471386; ENST00000493089; ENST00000498154; ENST00000498714; ENST00000615603; ENST00000615819; ENST00000647649; ENST00000647725; ENST00000648192; ENST00000648321; ENST00000648384; ENST00000648718; ENST00000648895; ENST00000649133; ENST00000649175; ENST00000649328; ENST00000649528; ENST00000649596; ENST00000649610; ENST00000649631; ENST00000650068; ENST00000650123; ENST00000650156; ENST00000650530	protein_coding; nonsense_mediated_decay; processed_transcript; lncRNA	rs9825432
3_86988393_A/G	3:8698839386988393	G	intron_variant; regulatory_region_variant	MODIFIER	VGLL3	Transcript; RegulatoryFeature	4(3)	ENST00000383698; ENST00000398399; ENST00000494229; ENSR00000155132	protein_coding; promoter	rs13066793
3_99685033_G/A	3:9968503399685033	A	intron_variant; downstream_gene_variant; intron_variant;non_coding_transcript_variant	MODIFIER	COL8A1	Transcript	8(8)	ENST00000261037; ENST00000273342; ENST00000452013; ENST00000463753; ENST00000474648; ENST00000483969; ENST00000621757; ENST00000652472	protein_coding; processed_transcript	rs639355
3_141394017_CTT/C	3:141394017141394019	C	intron_variant; intron_variant;non_coding_transcript_variant; downstream_gene_variant	MODIFIER	ZBTB38	Transcript	14(14)	ENST00000503809; ENST00000506623; ENST00000507657; ENST00000507722; ENST00000509842; ENST00000509883; ENST00000512276; ENST00000513249; ENST00000513258; ENST00000513619; ENST00000514251; ENST00000636289; ENST00000637056; ENST00000637706	protein_coding; processed_transcript; retained_intron	rs34207738
3_172567447_G/A	3:172567447172567447	A	intron_variant;non_coding_transcript_variant	MODIFIER	LINC02068	Transcript	2(2)	ENST00000424941; ENST00000441185	lncRNA	rs58058861
3_190056667_C/T	3:190056667190056667	T	intron_variant; regulatory_region_variant	MODIFIER	P3H2	Transcript; RegulatoryFeature	5(4)	ENST00000319332; ENST00000426003; ENST00000427335; ENST00000444866; ENSR00000712496	protein_coding; promoter_flanking_region	rs9882792
4_38783012_G/T	4:3878301238783012	T	upstream_gene_variant; regulatory_region_variant	MODIFIER	TLR10	Transcript; RegulatoryFeature	7(6)	ENST00000308973; ENST00000361424; ENST00000502321; ENST00000507953; ENST00000613579; ENST00000622002; ENSR00000309564	protein_coding; processed_transcript; CTCF_binding_site	rs10012017
4_83448971_TAA/TA	4:8344897183448972	TA	intron_variant; downstream_gene_variant; intron_variant;NMD_transcript_variant	MODIFIER	HELQ	Transcript	5(5)	ENST00000295488; ENST00000440639; ENST00000508591; ENST00000510985; ENST00000515482	protein_coding; processed_transcript; nonsense_mediated_decay	rs10718573
4_88319324_G/A	4:8831932488319324	A	splice_region_variant;intron_variant;non_coding_transcript_variant; intron_variant;non_coding_transcript_variant	LOW; MODIFIER	PPM1KDT	Transcript	5(5)	ENST00000500009; ENST00000652965; ENST00000661337; ENST00000661338; ENST00000662571	lncRNA	rs17014016
4_91673708_TTCTTTC/T	4:9167370891673714	T	intergenic_variant	MODIFIER			1(0)			rs55932301
4_105147856_G/T	4:105147856105147856	T	intron_variant;NMD_transcript_variant; intron_variant; intron_variant;non_coding_transcript_variant; regulatory_region_variant	MODIFIER	TET2	Transcript; RegulatoryFeature	10(9)	ENST00000265149; ENST00000305737; ENST00000380013; ENST00000413648; ENST00000504042; ENST00000505801; ENST00000513237; ENST00000514870; ENST00000540549; ENSR00000171431	nonsense_mediated_decay; protein_coding; processed_transcript; retained_intron; promoter	rs62331150
4_125831837_A/AAT	4:125831837125831837	AAT	intron_variant;non_coding_transcript_variant	MODIFIER	AC104664.1	Transcript	1(1)	ENST00000667497	lncRNA	rs34342489
4_142546042_C/T	4:142546042142546042	T	intron_variant	MODIFIER	INPP4B	Transcript	5(5)	ENST00000503927; ENST00000506788; ENST00000509777; ENST00000510812; ENST00000513000	protein_coding	rs56039025
4_150297144_CATATTT/C	4:150297144150297150	C	intron_variant; intron_variant;non_coding_transcript_variant; intron_variant;NMD_transcript_variant	MODIFIER	LRBA	Transcript	13(13)	ENST00000357115; ENST00000503716; ENST00000508606; ENST00000509835; ENST00000510157; ENST00000510413; ENST00000515096; ENST00000648626; ENST00000648823; ENST00000648878; ENST00000651035; ENST00000651695; ENST00000651943	protein_coding; processed_transcript; retained_intron; nonsense_mediated_decay	rs56229710
4_174921344_G/A	4:174921344174921344	A	intron_variant; intron_variant;non_coding_transcript_variant; downstream_gene_variant	MODIFIER	ADAM29; AC105914.1	Transcript	14(14)	ENST00000359240; ENST00000404450; ENST00000445694; ENST00000502305; ENST00000502940; ENST00000505141; ENST00000507969; ENST00000510280; ENST00000511798; ENST00000513477; ENST00000514159; ENST00000515538; ENST00000615367; ENST00000618444	protein_coding; processed_transcript; processed_pseudogene; retained_intron	rs28436676
4_174926285_C/A	4:174926285174926285	A	intron_variant; intron_variant;non_coding_transcript_variant; upstream_gene_variant	MODIFIER	ADAM29; AC105914.1	Transcript	14(14)	ENST00000359240; ENST00000404450; ENST00000445694; ENST00000502305; ENST00000502940; ENST00000505141; ENST00000507969; ENST00000510280; ENST00000511798; ENST00000513477; ENST00000514159; ENST00000515538; ENST00000615367; ENST00000618444	protein_coding; processed_transcript; processed_pseudogene; retained_intron	rs62334414
4_186582604_A/T	4:186582604186582604	T	intergenic_variant	MODIFIER			1(0)			rs13147907
5_344994_T/C	5:344994344994	C	intron_variant; intron_variant;NMD_transcript_variant; regulatory_region_variant	MODIFIER	AHRR	Transcript; RegulatoryFeature	10(9)	ENST00000316418; ENST00000504625; ENST00000505113; ENST00000506909; ENST00000510400; ENST00000512529; ENST00000514523; ENST00000515206; ENST00000652417; ENSR00000177399	protein_coding; nonsense_mediated_decay; promoter	rs62641919
5_1279675_C/T	5:12796751279675	T	intron_variant; intron_variant;NMD_transcript_variant; intron_variant;non_coding_transcript_variant	MODIFIER	TERT	Transcript	5(5)	ENST00000310581; ENST00000334602; ENST00000460137; ENST00000484238; ENST00000656021	protein_coding; nonsense_mediated_decay; retained_intron	rs10069690;CR133202
5_1296140_A/AG	5:12961401296140	AG	upstream_gene_variant	MODIFIER	TERT	Transcript	4(4)	ENST00000310581; ENST00000334602; ENST00000460137; ENST00000656021	protein_coding; nonsense_mediated_decay	rs3215401
5_1352962_T/C	5:13529621352962	C	downstream_gene_variant	MODIFIER	LINC01511; AC026748.3	Transcript	2(2)	ENST00000653645; ENST00000656081	lncRNA	rs62329727
5_2776915_G/A	5:27769152776915	A	intergenic_variant	MODIFIER			1(0)			rs4866496
5_16231085_G/C	5:1623108516231085	C	intergenic_variant	MODIFIER			1(0)			rs17611291
5_32579510_TCA/T	5:3257951032579512	T	intron_variant; intron_variant;non_coding_transcript_variant; regulatory_region_variant	MODIFIER	SUB1	Transcript; RegulatoryFeature	4(3)	ENST00000506237; ENST00000512913; ENST00000513013; ENSR00001093286	protein_coding; processed_transcript; promoter_flanking_region	rs35130031
5_44508162_G/GT	5:4450816244508162	GT	intron_variant;non_coding_transcript_variant	MODIFIER	LINC02224	Transcript	3(3)	ENST00000505706; ENST00000510758; ENST00000671607	lncRNA	rs138335056
5_44619400_A/G	5:4461940044619400	G	intron_variant;non_coding_transcript_variant	MODIFIER	LINC02224	Transcript	1(1)	ENST00000671607	lncRNA	rs187108781
5_44649842_C/T	5:4464984244649842	T	intron_variant;non_coding_transcript_variant	MODIFIER	LINC02224	Transcript	1(1)	ENST00000671607	lncRNA	rs4613718
5_44706396_A/G	5:4470639644706396	G	intergenic_variant	MODIFIER			1(0)			rs10941679
5_44853491_G/C	5:4485349144853491	C	intergenic_variant	MODIFIER			1(0)			rs17343002
5_53383709_C/CA	5:5338370953383709	CA	intergenic_variant	MODIFIER			1(0)			rs199562199
5_56366713_C/CT	5:5636671356366713	CT	intergenic_variant	MODIFIER			1(0)			rs113803968
5_56669340_C/T	5:5666934056669340	T	intergenic_variant	MODIFIER			1(0)			rs889310
5_56727256_T/G	5:5672725656727256	G	intergenic_variant	MODIFIER			1(0)			rs16886165
5_56747145_C/T	5:5674714556747145	T	regulatory_region_variant; intergenic_variant	MODIFIER		RegulatoryFeature	2(0)	ENSR00001094977	enhancer	rs76250845
5_56749254_T/C	5:5674925456749254	C	intergenic_variant	MODIFIER			1(0)			rs11949391
5_58945885_C/T	5:5894588558945885	T	intergenic_variant	MODIFIER			1(0)			rs113778879
5_72669180_G/A	5:7266918072669180	A	intergenic_variant	MODIFIER			1(0)			rs3010266
5_73938758_T/C	5:7393875873938758	C	intron_variant; regulatory_region_variant; TF_binding_site_variant	MODIFIER	ARHGEF28	Transcript; RegulatoryFeature; MotifFeature	11(6)	ENST00000296799; ENST00000426542; ENST00000437974; ENST00000512883; ENST00000513042; ENST00000545377; ENSR00000182493; ENSM00209209161; ENSM00136834652; ENSM00208988021; ENSM00172927888	protein_coding; promoter_flanking_region	rs157557
5_77859573_GT/G	5:7785957377859574	G	intron_variant	MODIFIER	TBCA	Transcript	1(1)	ENST00000522370	protein_coding	rs144028731
5_79885172_G/GA	5:7988517279885172	GA	intergenic_variant	MODIFIER			1(0)			rs34525310
5_82217128_TA/T	5:8221712882217129	T	intron_variant; intron_variant;NMD_transcript_variant; intron_variant;non_coding_transcript_variant	MODIFIER	ATG10	Transcript	6(6)	ENST00000282185; ENST00000458350; ENST00000504770; ENST00000508814; ENST00000513634; ENST00000514253	protein_coding; nonsense_mediated_decay; processed_transcript	rs146817970
5_91493653_G/A	5:9149365391493653	A	intron_variant;non_coding_transcript_variant; regulatory_region_variant	MODIFIER	ARRDC3AS1	Transcript; RegulatoryFeature	4(3)	ENST00000656345; ENST00000664205; ENST00000664873; ENSR00000762202	lncRNA; enhancer	rs332529
5_104964572_G/T	5:104964572104964572	T	intron_variant;non_coding_transcript_variant	MODIFIER	AC099520.1; AC091987.1	Transcript	2(2)	ENST00000503650; ENST00000517758	lncRNA	rs17157372
5_123142982_C/A	5:123142982123142982	A	intron_variant; intron_variant;NMD_transcript_variant; intron_variant;non_coding_transcript_variant	MODIFIER	PRDM6	Transcript	3(3)	ENST00000407847; ENST00000434521; ENST00000464424	protein_coding; nonsense_mediated_decay; processed_transcript	rs335160
5_123369550_C/T	5:123369550123369550	T	intron_variant; intron_variant;NMD_transcript_variant	MODIFIER	CEP120	Transcript	6(6)	ENST00000306467; ENST00000306481; ENST00000328236; ENST00000508138; ENST00000508442; ENST00000513565	protein_coding; nonsense_mediated_decay	rs1428387
5_132304843_A/G	5:132304843132304843	G	intron_variant; intron_variant;non_coding_transcript_variant; regulatory_region_variant	MODIFIER	SLC22A4	Transcript; RegulatoryFeature	3(2)	ENST00000200652; ENST00000491257; ENSR00000769422	protein_coding; processed_transcript; enhancer	rs6860806
5_133071366_C/T	5:133071366133071366	T	intron_variant; upstream_gene_variant	MODIFIER	HSPA4	Transcript	4(4)	ENST00000304858; ENST00000504328; ENST00000615899; ENST00000617074	protein_coding; processed_transcript	rs6596100
5_158817075_C/T	5:158817075158817075	T	intron_variant; intron_variant;non_coding_transcript_variant	MODIFIER	EBF1	Transcript	9(9)	ENST00000313708; ENST00000380654; ENST00000517373; ENST00000518836; ENST00000519739; ENST00000519890; ENST00000522192; ENST00000523464; ENST00000622875	protein_coding; processed_transcript; retained_intron	rs1432679
5_170164456_T/C	5:170164456170164456	C	intergenic_variant	MODIFIER			1(0)			rs10074269
5_173931151_G/A	5:173931151173931151	A	intron_variant; upstream_gene_variant	MODIFIER	CPEB4	Transcript	10(10)	ENST00000265085; ENST00000334035; ENST00000517880; ENST00000519152; ENST00000519467; ENST00000519835; ENST00000520867; ENST00000522336; ENST00000657000; ENST00000659882	protein_coding; nonsense_mediated_decay	rs6864691
5_176707881_T/C	5:176707881176707881	C	intron_variant;non_coding_transcript_variant	MODIFIER	AC113391.1	Transcript	1(1)	ENST00000507236	lncRNA	rs4868701
6_13713134_G/C	6:1371313413713134	C	upstream_gene_variant; regulatory_region_variant	MODIFIER	RANBP9	Transcript; RegulatoryFeature	2(1)	ENST00000011619; ENSR00000193498	protein_coding; promoter	rs418053
6_16399326_C/T	6:1639932616399326	T	intron_variant; regulatory_region_variant	MODIFIER	ATXN1	Transcript; RegulatoryFeature	3(2)	ENST00000244769; ENST00000436367; ENSR00001107637	protein_coding; promoter_flanking_region	rs3819405
6_18782909_G/A	6:1878290918782909	A	intergenic_variant	MODIFIER			1(0)			rs12211970
6_20537614_CA/C	6:2053761420537615	C	intron_variant	MODIFIER	CDKAL1	Transcript	2(2)	ENST00000274695; ENST00000613575	protein_coding	rs543824204
6_21923579_T/C	6:2192357921923579	C	intron_variant;non_coding_transcript_variant	MODIFIER	CASC15	Transcript	57(57)	ENST00000444265; ENST00000606851; ENST00000607048; ENST00000650720; ENST00000650782; ENST00000651125; ENST00000651620; ENST00000651758; ENST00000653010; ENST00000653161; ENST00000653246; ENST00000653320; ENST00000653997; ENST00000654774; ENST00000654782; ENST00000654807; ENST00000654918; ENST00000654942; ENST00000655154; ENST00000655292; ENST00000655498; ENST00000655824; ENST00000655886; ENST00000657660; ENST00000658187; ENST00000658841; ENST00000658974; ENST00000659886; ENST00000660187; ENST00000660518; ENST00000660934; ENST00000661722; ENST00000662187; ENST00000662510; ENST00000663957; ENST00000664020; ENST00000664431; ENST00000664500; ENST00000664560; ENST00000664625; ENST00000664756; ENST00000664780; ENST00000664889; ENST00000665014; ENST00000665902; ENST00000667719; ENST00000667830; ENST00000668219; ENST00000668355; ENST00000668404; ENST00000668839; ENST00000669171; ENST00000670467; ENST00000671013; ENST00000671160; ENST00000671524; ENST00000671659	lncRNA	rs9358466
6_27457865_G/C	6:2745786527457865	C	intron_variant; downstream_gene_variant	MODIFIER	ZNF184; AL021918.4	Transcript	3(3)	ENST00000211936; ENST00000377419; ENST00000648356	protein_coding; lncRNA	rs34196306
6_43259403_G/A	6:4325940343259403	A	intron_variant	MODIFIER	TTBK1	Transcript	2(2)	ENST00000259750; ENST00000304139	protein_coding	rs111342015
6_81553832_AAT/A	6:8155383281553834	A	intron_variant; non_coding_transcript_exon_variant	MODIFIER	TENT5A; AL359693.1	Transcript	2(2)	ENST00000412306; ENST00000614959	protein_coding; lncRNA	rs5877762
6_85202476_CAA/C	6:8520247685202478	C	intergenic_variant	MODIFIER			1(0)			rs146519950
6_87094101_T/C	6:8709410187094101	C	intron_variant; intron_variant;non_coding_transcript_variant; regulatory_region_variant	MODIFIER	CGA	Transcript; RegulatoryFeature	7(6)	ENST00000369582; ENST00000610310; ENST00000625577; ENST00000627148; ENST00000627552; ENST00000630630; ENSR00001113230	protein_coding; retained_intron; enhancer	rs73754909
6_130020583_C/CT	6:130020583130020583	CT	intron_variant; 5_prime_UTR_variant; regulatory_region_variant	MODIFIER	L3MBTL3	Transcript; RegulatoryFeature	9(8)	ENST00000361794; ENST00000368136; ENST00000368139; ENST00000526019; ENST00000526087; ENST00000528385; ENST00000533560; ENST00000674039; ENSR00000202660	protein_coding; promoter	rs55941023
6_149274369_T/C	6:149274369149274369	C	intron_variant	MODIFIER	TAB2	Transcript	1(1)	ENST00000606202	protein_coding	rs2121348
6_151628671_A/C	6:151628671151628671	C	intergenic_variant	MODIFIER			1(0)			rs6913578
6_151634779_A/G	6:151634779151634779	G	intergenic_variant	MODIFIER			1(0)			rs60954078
6_151701529_CAAAAAAA/C	6:151701529151701536	C	intron_variant; intron_variant;non_coding_transcript_variant; regulatory_region_variant	MODIFIER	ESR1	Transcript; RegulatoryFeature	4(3)	ENST00000404742; ENST00000440973; ENST00000473497; ENSR00000809801	protein_coding; processed_transcript; promoter_flanking_region	rs57589542
6_151702056_G/A	6:151702056151702056	A	intron_variant; intron_variant;non_coding_transcript_variant; regulatory_region_variant	MODIFIER	ESR1	Transcript; RegulatoryFeature	4(3)	ENST00000404742; ENST00000440973; ENST00000473497; ENSR00000809801	protein_coding; processed_transcript; promoter_flanking_region	rs851984
6_151734843_A/T	6:151734843151734843	T	intron_variant; intron_variant;non_coding_transcript_variant	MODIFIER	ESR1	Transcript	3(3)	ENST00000404742; ENST00000440973; ENST00000473497	protein_coding; processed_transcript	rs6904031
6_152111767_C/T	6:152111767152111767	T	intron_variant; intron_variant;non_coding_transcript_variant; upstream_gene_variant	MODIFIER	ESR1; AL078582.1	Transcript	3(3)	ENST00000427531; ENST00000641399; ENST00000641922	protein_coding; processed_transcript; lncRNA	rs910416
6_168606267_C/G	6:168606267168606267	G	intron_variant; regulatory_region_variant	MODIFIER	SMOC2	Transcript; RegulatoryFeature	4(2)	ENST00000354536; ENST00000356284; ENSR00000813334; ENSR00001120010	protein_coding; CTCF_binding_site; enhancer	rs9364472
6_170017397_T/C	6:170017397170017397	C	regulatory_region_variant; intergenic_variant	MODIFIER		RegulatoryFeature	2(0)	ENSR00000813663	promoter_flanking_region	rs6940159
7_21901342_A/G	7:2190134221901342	G	3_prime_UTR_variant; downstream_gene_variant; non_coding_transcript_exon_variant	MODIFIER	DNAH11; CDCA7L	Transcript	11(11)	ENST00000328843; ENST00000356195; ENST00000373934; ENST00000406877; ENST00000409508; ENST00000435717; ENST00000465490; ENST00000479878; ENST00000488845; ENST00000489669; ENST00000620169	protein_coding; processed_transcript; retained_intron	rs7971;COSV60951798
7_25529928_C/T	7:2552992825529928	T	intergenic_variant	MODIFIER			1(0)			rs289997
7_28829400_G/A	7:2882940028829400	A	downstream_gene_variant	MODIFIER	CREB5	Transcript	1(1)	ENST00000357727	protein_coding	rs74765302
7_55124563_A/C	7:5512456355124563	C	intron_variant	MODIFIER	EGFR	Transcript	7(7)	ENST00000275493; ENST00000342916; ENST00000344576; ENST00000420316; ENST00000450046; ENST00000454757; ENST00000455089	protein_coding	rs13244925
7_91829875_A/ATT	7:9182987591829875	ATT	intron_variant;non_coding_transcript_variant; regulatory_region_variant	MODIFIER	MTERF1	Transcript; RegulatoryFeature	2(1)	ENST00000454222; ENSR00000327197	processed_transcript; CTCF_binding_site	rs10644978
7_94484487_T/C	7:9448448794484487	C	intergenic_variant	MODIFIER			1(0)			rs17268829
7_98375923_G/A	7:9837592398375923	A	intron_variant; intron_variant;non_coding_transcript_variant	MODIFIER	BAIAP2L1	Transcript	3(3)	ENST00000005260; ENST00000462558; ENST00000479789	protein_coding; processed_transcript	rs4439053
7_100351032_T/G	7:100351032100351032	G	intron_variant;non_coding_transcript_variant; upstream_gene_variant; downstream_gene_variant	MODIFIER	STAG3L5PPVRIG2PPILRB; PILRB; PVRIG2P; STAG3L5P	Transcript	19(19)	ENST00000310771; ENST00000419749; ENST00000422808; ENST00000431140; ENST00000435460; ENST00000438028; ENST00000443526; ENST00000444874; ENST00000448382; ENST00000452089; ENST00000455145; ENST00000457519; ENST00000470714; ENST00000472646; ENST00000473757; ENST00000483329; ENST00000488972; ENST00000493091; ENST00000493499	lncRNA; protein_coding; transcribed_unprocessed_pseudogene; retained_intron; processed_transcript	rs111963714
7_101909160_G/A	7:101909160101909160	A	intron_variant; intron_variant;non_coding_transcript_variant; upstream_gene_variant	MODIFIER	CUX1	Transcript	18(18)	ENST00000292535; ENST00000292538; ENST00000360264; ENST00000393824; ENST00000425244; ENST00000437600; ENST00000497815; ENST00000546411; ENST00000547394; ENST00000549414; ENST00000550008; ENST00000556210; ENST00000558469; ENST00000560541; ENST00000607092; ENST00000622516; ENST00000645010; ENST00000646649	protein_coding; retained_intron; processed_transcript	rs71559437
7_102841395_T/C	7:102841395102841395	C	intron_variant; intron_variant;NMD_transcript_variant; regulatory_region_variant	MODIFIER	FBXL13	Transcript; RegulatoryFeature	8(7)	ENST00000313221; ENST00000379305; ENST00000379308; ENST00000436908; ENST00000448002; ENST00000455112; ENST00000456695; ENSR00000834378	protein_coding; nonsense_mediated_decay; enhancer	rs7800548
7_130972152_C/T	7:130972152130972152	T	intron_variant;non_coding_transcript_variant; regulatory_region_variant	MODIFIER	LINCPINT; AC016831.6	Transcript; RegulatoryFeature	26(25)	ENST00000423414; ENST00000431189; ENST00000433079; ENST00000435523; ENST00000443623; ENST00000451786; ENST00000642156; ENST00000642602; ENST00000642963; ENST00000643135; ENST00000643373; ENST00000643452; ENST00000643779; ENST00000643855; ENST00000643866; ENST00000643874; ENST00000644188; ENST00000644432; ENST00000644804; ENST00000645248; ENST00000646429; ENST00000646587; ENST00000647102; ENST00000647288; ENST00000647388; ENSR00001131469	lncRNA; promoter_flanking_region	rs12706954
7_130989722_G/A	7:130989722130989722	A	intron_variant;non_coding_transcript_variant	MODIFIER	LINCPINT; AC016831.6	Transcript	24(24)	ENST00000423414; ENST00000431189; ENST00000433079; ENST00000435523; ENST00000451786; ENST00000642156; ENST00000642602; ENST00000642963; ENST00000643135; ENST00000643373; ENST00000643452; ENST00000643779; ENST00000643855; ENST00000643866; ENST00000643874; ENST00000644188; ENST00000644432; ENST00000644804; ENST00000645248; ENST00000646429; ENST00000646587; ENST00000647102; ENST00000647288; ENST00000647388	lncRNA	rs68056147
7_140243902_CT/C	7:140243902140243903	C	downstream_gene_variant; regulatory_region_variant	MODIFIER	RNU158P	Transcript; RegulatoryFeature	2(1)	ENST00000362413; ENSR00000219051	snRNA; promoter_flanking_region	rs5887960
7_144351809_G/T	7:144351809144351809	T	upstream_gene_variant; intron_variant;non_coding_transcript_variant	MODIFIER	ARHGEF5; OR2A1AS1; AC074386.1	Transcript	15(15)	ENST00000056217; ENST00000462305; ENST00000463561; ENST00000468575; ENST00000470435; ENST00000475089; ENST00000476560; ENST00000478806; ENST00000478925; ENST00000486094; ENST00000487102; ENST00000488041; ENST00000489488; ENST00000496968; ENST00000498580	protein_coding; lncRNA	rs62485509
8_220692_T/C	8:220692220692	C	intron_variant;non_coding_transcript_variant	MODIFIER	RPL23AP53	Transcript	1(1)	ENST00000606975	processed_transcript	rs66823261
8_17930101_CT/C	8:1793010117930102	C	intron_variant; downstream_gene_variant; intron_variant;non_coding_transcript_variant	MODIFIER	PCM1	Transcript	10(10)	ENST00000325083; ENST00000327578; ENST00000517545; ENST00000517730; ENST00000518537; ENST00000518930; ENST00000518936; ENST00000519253; ENST00000523055; ENST00000524226	protein_coding; retained_intron; processed_transcript	rs3988353
8_23589983_A/G	8:2358998323589983	G	regulatory_region_variant; intergenic_variant	MODIFIER		RegulatoryFeature	2(0)	ENSR00000330300	CTCF_binding_site	rs1028016
8_23806140_C/A	8:2380614023806140	A	downstream_gene_variant; non_coding_transcript_exon_variant	MODIFIER	AC012119.1; AC012119.2	Transcript	2(2)	ENST00000384300; ENST00000603184	snoRNA; processed_pseudogene	rs310295
8_29652100_A/C	8:2965210029652100	C	intergenic_variant	MODIFIER			1(0)			rs9693444
8_37000965_A/G	8:3700096537000965	G	intergenic_variant	MODIFIER			1(0)			rs13365225
8_75318708_A/G	8:7531870875318708	G	intron_variant;non_coding_transcript_variant	MODIFIER	CASC9	Transcript	4(4)	ENST00000522183; ENST00000523313; ENST00000654852; ENST00000669950	lncRNA	rs1511243
8_75420821_C/T	8:7542082175420821	T	intron_variant; intron_variant;non_coding_transcript_variant	MODIFIER	HNF4G	Transcript	3(3)	ENST00000354370; ENST00000396419; ENST00000494318	protein_coding; processed_transcript	rs72658084
8_75465930_G/T	8:7546593075465930	T	intron_variant; intron_variant;non_coding_transcript_variant	MODIFIER	HNF4G	Transcript	3(3)	ENST00000354370; ENST00000396419; ENST00000494318	protein_coding; processed_transcript	rs1533366
8_101470872_T/C	8:101470872101470872	C	intron_variant;non_coding_transcript_variant	MODIFIER	AP001207.3	Transcript	1(1)	ENST00000520268	lncRNA	rs62517052
8_105346392_A/T	8:105346392105346392	T	intron_variant; intron_variant;non_coding_transcript_variant	MODIFIER	ZFPM2	Transcript	3(3)	ENST00000407775; ENST00000518180; ENST00000520492	protein_coding; processed_transcript	rs12546444
8_116197325_A/G	8:116197325116197325	G	intron_variant;non_coding_transcript_variant	MODIFIER	LINC00536	Transcript	1(1)	ENST00000505156	lncRNA	rs13267382
8_119849946_A/G	8:119849946119849946	G	intron_variant; downstream_gene_variant; intron_variant;non_coding_transcript_variant	MODIFIER	DSCC1; AP005717.2	Transcript	3(3)	ENST00000313655; ENST00000521795; ENST00000665858	protein_coding; retained_intron; lncRNA	rs62526620
8_123551465_T/C	8:123551465123551465	C	regulatory_region_variant; intergenic_variant	MODIFIER		RegulatoryFeature	2(0)	ENSR00000868371	promoter_flanking_region	rs35542655
8_123559341_G/A	8:123559341123559341	A	downstream_gene_variant	MODIFIER	AC090193.1	Transcript	1(1)	ENST00000518970	lncRNA	rs12541094
8_123727673_T/G	8:123727673123727673	G	intron_variant; downstream_gene_variant; non_coding_transcript_exon_variant; regulatory_region_variant	MODIFIER	ANXA13	Transcript; RegulatoryFeature	7(6)	ENST00000262219; ENST00000419625; ENST00000519045; ENST00000520519; ENST00000520591; ENST00000523822; ENSR00001143615	protein_coding; processed_transcript; retained_intron; enhancer	rs7842619
8_127201316_C/CA	8:127201316127201316	CA	downstream_gene_variant; intron_variant;non_coding_transcript_variant; upstream_gene_variant; regulatory_region_variant	MODIFIER	CASC19; PCAT1	Transcript; RegulatoryFeature	69(68)	ENST00000500112; ENST00000641001; ENST00000641013; ENST00000641029; ENST00000641056; ENST00000641060; ENST00000641106; ENST00000641153; ENST00000641162; ENST00000641171; ENST00000641174; ENST00000641179; ENST00000641187; ENST00000641218; ENST00000641298; ENST00000641309; ENST00000641321; ENST00000641362; ENST00000641365; ENST00000641411; ENST00000641414; ENST00000641418; ENST00000641421; ENST00000641425; ENST00000641480; ENST00000641487; ENST00000641488; ENST00000641496; ENST00000641514; ENST00000641523; ENST00000641547; ENST00000641578; ENST00000641588; ENST00000641604; ENST00000641615; ENST00000641625; ENST00000641642; ENST00000641674; ENST00000641681; ENST00000641696; ENST00000641701; ENST00000641704; ENST00000641706; ENST00000641719; ENST00000641733; ENST00000641746; ENST00000641786; ENST00000641828; ENST00000641867; ENST00000641880; ENST00000641912; ENST00000641934; ENST00000641944; ENST00000641964; ENST00000641991; ENST00000642010; ENST00000642018; ENST00000642077; ENST00000642102; ENST00000642118; ENST00000642126; ENST00000642134; ENST00000642142; ENST00000645463; ENST00000646670; ENST00000647190; ENST00000657669; ENST00000663628; ENSR00001143976	lncRNA; retained_intron; promoter_flanking_region	rs35961416
8_127358703_C/G	8:127358703127358703	G	intron_variant;non_coding_transcript_variant; intron_variant; regulatory_region_variant	MODIFIER	CASC8; PCAT1; POU5F1B	Transcript; RegulatoryFeature	11(10)	ENST00000501396; ENST00000502082; ENST00000521586; ENST00000523825; ENST00000644021; ENST00000644594; ENST00000645215; ENST00000645438; ENST00000646670; ENST00000646972; ENSR00001144006	lncRNA; protein_coding; promoter_flanking_region	rs12550713
8_127359926_A/G	8:127359926127359926	G	intron_variant;non_coding_transcript_variant; intron_variant	MODIFIER	CASC8; PCAT1; POU5F1B	Transcript	10(10)	ENST00000501396; ENST00000502082; ENST00000521586; ENST00000523825; ENST00000644021; ENST00000644594; ENST00000645215; ENST00000645438; ENST00000646670; ENST00000646972	lncRNA; protein_coding	rs10096351
8_128187320_G/A	8:128187320128187320	A	downstream_gene_variant; regulatory_region_variant	MODIFIER	PVT1	Transcript; RegulatoryFeature	3(2)	ENST00000650846; ENST00000651587; ENSR00001144099	lncRNA; enhancer	rs1016578
8_142587893_A/G	8:142587893142587893	G	intergenic_variant	MODIFIER			1(0)			rs7830152
9_6880263_A/G	9:68802636880263	G	intron_variant; intron_variant;NMD_transcript_variant; intron_variant;non_coding_transcript_variant; regulatory_region_variant	MODIFIER	KDM4C	Transcript; RegulatoryFeature	7(6)	ENST00000381306; ENST00000381309; ENST00000438023; ENST00000489243; ENST00000536108; ENST00000543771; ENSR00000874949	protein_coding; nonsense_mediated_decay; processed_transcript; enhancer	rs10975870
9_21964883_CAAAA/C	9:2196488321964887	C	downstream_gene_variant; intron_variant;NMD_transcript_variant; upstream_gene_variant	MODIFIER	CDKN2A; AL359922.1; CDKN2ADT	Transcript	13(13)	ENST00000304494; ENST00000380151; ENST00000404796; ENST00000441769; ENST00000479692; ENST00000494262; ENST00000498124; ENST00000498628; ENST00000530628; ENST00000577854; ENST00000578845; ENST00000579122; ENST00000579755	protein_coding; nonsense_mediated_decay; lncRNA; processed_transcript	rs3057314
9_22041999_C/G	9:2204199922041999	G	intron_variant;non_coding_transcript_variant; upstream_gene_variant; downstream_gene_variant; regulatory_region_variant	MODIFIER	CDKN2BAS1; AL354709.1	Transcript; RegulatoryFeature	21(20)	ENST00000421632; ENST00000428597; ENST00000455933; ENST00000577551; ENST00000580467; ENST00000580576; ENST00000581051; ENST00000582072; ENST00000582301; ENST00000583719; ENST00000584020; ENST00000584351; ENST00000584637; ENST00000584816; ENST00000585267; ENST00000617587; ENST00000650946; ENST00000651519; ENST00000651904; ENST00000652420; ENSR00001147494	lncRNA; misc_RNA; promoter_flanking_region	rs17694493
9_36928291_T/C	9:3692829136928291	C	intron_variant; intron_variant;NMD_transcript_variant; intron_variant;non_coding_transcript_variant	MODIFIER	PAX5	Transcript	17(17)	ENST00000358127; ENST00000377840; ENST00000377847; ENST00000377852; ENST00000377853; ENST00000414447; ENST00000446742; ENST00000520083; ENST00000520154; ENST00000520281; ENST00000522003; ENST00000522932; ENST00000523145; ENST00000523241; ENST00000523493; ENST00000524340; ENST00000651550	protein_coding; nonsense_mediated_decay; retained_intron	rs4880038;COSV63906089
9_85167296_T/C	9:8516729685167296	C	upstream_gene_variant; regulatory_region_variant	MODIFIER	AL354897.1	Transcript; RegulatoryFeature	2(1)	ENST00000649497; ENSR00000885014	lncRNA; enhancer	rs665889
9_95600305_T/C	9:9560030595600305	C	intron_variant;non_coding_transcript_variant	MODIFIER	AL392185.1	Transcript	2(2)	ENST00000419620; ENST00000647736	lncRNA	rs10120432
9_107541527_TAA/T	9:107541527107541529	T	downstream_gene_variant	MODIFIER	PPIAP88	Transcript	1(1)	ENST00000422463	processed_pseudogene	rs60037937
9_108074792_A/G	9:108074792108074792	G	regulatory_region_variant; intergenic_variant	MODIFIER		RegulatoryFeature	2(0)	ENSR00001152962	TF_binding_site	rs10816625
9_108074895_C/T	9:108074895108074895	T	regulatory_region_variant; intergenic_variant	MODIFIER		RegulatoryFeature	2(0)	ENSR00001152962	TF_binding_site	rs13294895
9_108087244_G/T	9:108087244108087244	T	regulatory_region_variant; intergenic_variant	MODIFIER		RegulatoryFeature	2(0)	ENSR00000890049	promoter_flanking_region	rs7848334
9_108123199_C/T	9:108123199108123199	T	intergenic_variant	MODIFIER			1(0)			rs630965
9_116551207_A/G	9:116551207116551207	G	intron_variant; intron_variant;non_coding_transcript_variant; regulatory_region_variant	MODIFIER	ASTN2; ASTN2AS1	Transcript; RegulatoryFeature	8(7)	ENST00000288520; ENST00000313400; ENST00000341734; ENST00000361209; ENST00000361477; ENST00000373986; ENST00000418250; ENSR00000240613	protein_coding; lncRNA; promoter_flanking_region	rs1895062
9_126662440_A/G	9:126662440126662440	G	intron_variant; regulatory_region_variant; TF_binding_site_variant	MODIFIER	LMX1B	Transcript; RegulatoryFeature; MotifFeature	6(4)	ENST00000355497; ENST00000373474; ENST00000526117; ENST00000561065; ENSR00000894527; ENSM00526218132	protein_coding; CTCF_binding_site	rs3861871;COSV62738655
9_133271182_C/T	9:133271182133271182	T	intron_variant;non_coding_transcript_variant; intron_variant	MODIFIER	ABO	Transcript	5(5)	ENST00000453660; ENST00000538324; ENST00000611156; ENST00000647353; ENST00000651471	processed_transcript; protein_coding	
